player_name,player_id,year,xwoba,xba,xslg,xiso,xobp,brl,brl_percent,exit_velocity,hard_hit_percent,k_percent,bb_percent,whiff_percent,sprint_speed,oaa
Tyrone Taylor,621438,2022,39,29,60,68,17,51,68,33,34,24,14,38,80,92
Matt Thaiss,642136,2022,,,,,,,,,,,,,4,
Jerar Encarnacion,666464,2022,,,,,,,,,,,,,61,
Kyle Garlick,664247,2022,,,,,,,,,,,,,34,
Vidal Bruján,660644,2022,,,,,,,,,,,,,83,
Jackie Bradley Jr.,598265,2022,2,17,7,14,5,13,20,24,33,52,27,20,43,91
Justin Turner,457759,2022,75,82,69,59,83,60,52,61,54,78,66,77,8,25
Ty France,664034,2022,55,74,49,35,66,45,27,24,29,86,17,82,5,11
Seth Beer,666179,2022,,,,,,,,,,,,,6,
Elehuris Montero,660707,2022,,,,,,,,,,,,,39,
Zach McKinstry,656716,2022,,,,,,,,,,,,,77,
Keston Hiura,669374,2022,,,,,,,,,,,,,54,
Brandon Lowe,664040,2022,,,,,,,,,,,,,55,15
Luis Guillorme,641645,2022,,,,,,,,,,,,,18,91
Kolten Wong,543939,2022,37,28,20,22,61,29,27,14,25,72,65,78,21,3
Will Smith,669257,2022,88,66,88,88,80,82,72,67,67,79,67,82,53,
Amed Rosario,642708,2022,43,89,48,24,39,41,18,39,41,79,2,74,96,2
Robinson Canó,429664,2022,,,,,,,,,,,,,4,
Isaac Paredes,670623,2022,25,6,17,38,41,23,36,20,43,73,88,90,24,90
Elias Díaz,553869,2022,7,16,11,21,7,20,31,39,46,46,29,61,22,
Donovan Walton,622268,2022,,,,,,,,,,,,,56,
Alex Kirilloff,666135,2022,,,,,,,,,,,,,57,
Vaughn Grissom,687093,2022,58,71,42,29,76,57,37,35,47,65,59,49,64,88
Alejo Lopez,664670,2022,,,,,,,,,,,,,32,
Lorenzo Cain,456715,2022,,,,,,,,,,,,,75,
Nomar Mazara,608577,2022,,,,,,,,,,,,,27,
Oswaldo Cabrera,665828,2022,,,,,,,,,,,,,55,
Jeff McNeil,643446,2022,58,94,45,17,80,13,7,12,7,99,32,91,51,95
Kody Clemens,665019,2022,,,,,,,,,,,,,49,
David Bote,623520,2022,,,,,,,,,,,,,35,
Willi Castro,650489,2022,19,72,11,4,33,7,10,1,10,52,3,24,78,49
Franmil Reyes,614177,2022,8,3,25,55,2,63,80,92,79,3,24,2,20,
Salvador Perez,521692,2022,62,46,88,93,12,75,79,88,91,40,3,12,11,
Kyle Stowers,669065,2022,,,,,,,,,,,,,43,
Pavin Smith,656976,2022,,,,,,,,,,,,,31,
Michael Brantley,488726,2022,,,,,,,,,,,,,11,
Matt Vierling,663837,2022,64,93,55,32,68,13,24,86,85,58,25,80,97,47
Meibrys Viloria,650619,2022,,,,,,,,,,,,,12,
Christian Arroyo,624414,2022,,,,,,,,,,,,,62,10
Max Muncy,571970,2022,75,5,64,84,81,83,91,75,78,25,99,40,47,14
Garrett Stubbs,596117,2022,,,,,,,,,,,,,50,
Tim Locastro,641796,2022,,,,,,,,,,,,,99,
Edwin Ríos,621458,2022,,,,,,,,,,,,,12,
Derek Hill,656537,2022,,,,,,,,,,,,,97,
Jed Lowrie,476704,2022,,,,,,,,,,,,,8,
Tyler Nevin,663527,2022,,,,,,,,,,,,,14,
Mauricio Dubón,643289,2022,,,,,,,,,,,,,74,91
Christian Bethancourt,542194,2022,,,,,,,,,,,,,71,
Shohei Ohtani,660271,2022,98,92,99,98,93,99,98,97,93,30,81,26,75,
Fernando Tatis Jr.,none,2022,98,92,99,98,93,99,98,97,93,30,81,26,75,
Luke Raley,670042,2022,,,,,,,,,,,,,92,
Patrick Mazeika,664850,2022,,,,,,,,,,,,,2,
Marwin Gonzalez,503556,2022,,,,,,,,,,,,,27,
Chad Pinder,640461,2022,11,28,40,42,2,20,37,22,55,5,2,6,19,5
Martín Maldonado,455117,2022,1,1,6,41,1,29,53,39,51,6,18,10,1,
Alejandro Kirk,672386,2022,86,92,72,53,95,54,40,78,78,98,88,94,3,
DJ LeMahieu,518934,2022,80,87,53,32,96,34,27,53,57,93,92,92,28,96
Thairo Estrada,642731,2022,29,48,19,14,42,25,15,8,9,80,21,80,75,76
Tommy Pham,502054,2022,45,32,42,42,46,60,50,93,89,17,59,41,66,9
Corbin Carroll,682998,2022,,,,,,,,,,,,,100,
Aramis Garcia,605244,2022,,,,,,,,,,,,,21,
Wander Franco,677551,2022,67,96,55,28,78,13,19,18,26,99,43,98,61,69
Josh Harrison,543281,2022,14,25,9,12,24,10,12,20,11,78,11,67,44,84
Christopher Morel,666624,2022,61,25,73,79,37,67,91,63,52,4,58,1,88,4
Carlos Santana,467793,2022,88,59,74,75,93,63,60,81,76,74,97,71,16,82
Trey Mancini,641820,2022,64,46,58,62,64,75,66,61,52,40,59,31,14,
Tyler Freeman,671289,2022,,,,,,,,,,,,,70,
Sandy Leon,506702,2022,,,,,,,,,,,,,1,
Ryan McKenna,663630,2022,,,,,,,,,,,,,94,
Vimael Machín,605353,2022,,,,,,,,,,,,,13,11
Josh H. Smith,669701,2022,,,,,,,,,,,,,74,70
Gavin Lux,666158,2022,47,49,33,29,59,31,32,33,48,55,74,58,88,81
Gary Sanchez,596142,2022,55,12,76,89,26,76,92,78,92,10,53,14,9,
Matt Olson,621566,2022,82,51,86,89,71,98,93,97,96,29,80,22,28,82
Roberto Perez,547379,2022,,,,,,,,,,,,,6,
Michael Stefanic,683021,2022,,,,,,,,,,,,,28,
Tommy La Stella,600303,2022,,,,,,,,,,,,,7,
Aristides Aquino,606157,2022,,,,,,,,,,,,,87,
Bryan De La Cruz,650559,2022,90,96,94,86,61,57,84,82,86,23,14,22,62,24
Jake Meyers,676694,2022,,,,,,,,,,,,,89,
Nico Hoerner,663538,2022,31,84,29,10,49,9,6,16,15,98,14,97,92,98
Drew Waters,671221,2022,,,,,,,,,,,,,80,
Romy Gonzalez,663853,2022,,,,,,,,,,,,,81,
Francisco Mejía,642336,2022,,,,,,,,,,,,,40,
Luis Robert Jr.,673357,2022,64,85,80,71,37,51,59,55,65,61,6,34,65,84
Manny Machado,592518,2022,74,77,79,72,76,83,66,89,91,53,70,47,28,95
Alex Verdugo,657077,2022,66,92,70,51,61,60,31,51,39,92,27,92,37,13
Brad Miller,543543,2022,,,,,,,,,,,,,45,
Jazz Chisholm Jr.,665862,2022,93,91,96,94,69,98,94,88,82,24,37,18,94,82
Kyle Tucker,663656,2022,89,74,91,90,75,86,70,69,63,85,67,78,32,89
Ryan Mountcastle,663624,2022,93,91,96,94,69,98,94,88,82,24,37,18,53,80
Paul Goldschmidt,502671,2022,95,72,91,90,90,90,82,82,86,45,92,37,26,10
Gunnar Henderson,683002,2022,,,,,,,,,,,,,91,
Sam Huff,669087,2022,,,,,,,,,,,,,43,
Michael Perez,605421,2022,,,,,,,,,,,,,4,
Tyler Stephenson,663886,2022,,,,,,,,,,,,,31,
Jake Burger,669394,2022,,,,,,,,,,,,,60,
Lourdes Gurriel Jr.,666971,2022,55,86,51,31,64,16,12,80,79,78,24,71,48,26
Michael Papierski,657709,2022,,,,,,,,,,,,,6,
Terrin Vavra,679631,2022,,,,,,,,,,,,,45,
Luke Maile,571912,2022,,,,,,,,,,,,,13,
Nelson Velázquez,676369,2022,,,,,,,,,,,,,73,
Alfonso Rivas,663845,2022,,,,,,,,,,,,,26,23
Luis García,671277,2022,37,71,57,48,12,34,47,18,29,42,1,35,42,1
Brandon Crawford,543063,2022,16,9,11,26,28,34,40,35,23,47,53,12,11,93
Nolan Arenado,571448,2022,75,78,78,71,73,78,53,43,45,97,51,84,13,99
Brandon Nimmo,607043,2022,79,72,57,47,90,67,44,57,48,76,78,80,84,90
Riley Adams,656180,2022,,,,,,,,,,,,,35,
P.J. Higgins,664731,2022,,,,,,,,,,,,,29,
Ben Gamel,592325,2022,51,44,33,31,73,23,33,47,34,37,86,55,65,8
Jake Cronenworth,630105,2022,35,14,22,34,51,47,29,24,18,61,76,88,74,83
Cole Tucker,657061,2022,,,,,,,,,,,,,58,
Darin Ruf,573131,2022,43,11,33,53,53,31,57,53,53,15,88,31,16,
Maikel Franco,596748,2022,6,42,18,15,4,16,20,14,20,59,1,28,13,19
Garrett Cooper,643265,2022,78,71,73,70,76,63,75,63,71,23,53,46,26,
Cody Bellinger,641355,2022,10,6,20,39,4,59,54,57,39,14,35,33,71,92
Whit Merrifield,593160,2022,17,37,22,20,20,25,14,16,9,85,35,82,84,89
Xander Bogaerts,593428,2022,58,71,42,29,76,57,37,35,47,65,59,49,64,88
Alec Bohm,664761,2022,69,98,73,44,61,67,41,73,67,74,11,72,44,4
Sean Bouchard,656248,2022,,,,,,,,,,,,,69,
Michael Massey,686681,2022,,,,,,,,,,,,,44,16
Franchy Cordero,614173,2022,,,,,,,,,,,,,84,3
Bobby Dalbec,666915,2022,24,8,38,61,15,41,84,75,79,2,49,5,76,40
Jose Trevino,624431,2022,12,35,28,30,6,16,25,31,22,73,6,72,9,
J.D. Martinez,502110,2022,84,71,87,85,66,90,87,51,60,29,57,17,24,
Myles Straw,664702,2022,8,29,2,1,35,1,1,14,3,89,61,99,94,98
Francisco Lindor,596019,2022,67,60,69,66,60,81,54,55,58,64,51,59,55,98
Vladimir Guerrero Jr.,665489,2022,83,89,84,75,81,96,79,96,94,81,49,51,34,14
Mike Ford,645801,2022,,,,,,,,,,,,,3,
Vinnie Pasquantino,686469,2022,99,100,98,91,99,92,68,88,88,90,90,80,39,67
Evan Longoria,446334,2022,,,,,,,,,,,,,10,60
Brandon Belt,474832,2022,,,,,,,,,,,,,4,16
Nicky Lopez,670032,2022,6,42,3,1,23,2,2,2,1,93,20,88,58,98
Yordan Alvarez,670541,2022,100,100,100,100,100,100,100,100,100,63,96,57,31,
Yairo Munoz,622168,2022,,,,,,,,,,,,,83,
Chuckie Robinson,642020,2022,,,,,,,,,,,,,31,
Hoy Park,660829,2022,,,,,,,,,,,,,56,
Michael Toglia,669911,2022,,,,,,,,,,,,,76,
Nick Fortes,663743,2022,,,,,,,,,,,,,63,
Joey Meneses,608841,2022,80,88,82,74,70,83,68,73,75,41,41,47,44,2
Jorge Polanco,593871,2022,91,51,80,80,93,57,70,51,43,48,98,43,73,4
Ramón Urías,602104,2022,54,55,65,64,40,59,64,57,83,43,31,31,35,90
Jonathan Davis,641505,2022,,,,,,,,,,,,,70,
Mark Mathias,664029,2022,,,,,,,,,,,,,55,
Nick Pratto,668472,2022,,,,,,,,,,,,,47,
Joey Gallo,608336,2022,23,1,35,82,16,67,98,63,94,1,95,1,46,19
Gavin Sheets,657757,2022,14,19,26,34,8,29,37,42,27,50,29,65,33,13
Santiago Espinal,669289,2022,26,76,17,7,51,13,8,7,10,91,39,92,42,96
Gleyber Torres,650402,2022,53,44,78,78,26,82,75,76,77,41,32,34,40,43
Jurickson Profar,595777,2022,49,57,26,15,78,29,14,22,19,84,85,86,32,9
Brian Serven,661531,2022,,,,,,,,,,,,,30,
Seby Zavala,664874,2022,,,,,,,,,,,,,18,
Wil Myers,571976,2022,,,,,,,,,,,,,73,86
Max Stassi,545358,2022,2,1,6,42,3,34,61,42,47,8,75,7,15,
Michael A. Taylor,572191,2022,18,17,25,34,16,34,41,9,13,33,45,21,86,88
Kyle Schwarber,656941,2022,97,31,98,99,80,99,99,99,99,8,94,22,29,1
Jose Rojas,670351,2022,,,,,,,,,,,,,29,
David MacKinnon,676950,2022,,,,,,,,,,,,,36,
Oswald Peraza,672724,2022,,,,,,,,,,,,,90,
Billy McKinney,641856,2022,,,,,,,,,,,,,43,
Nick Madrigal,663611,2022,,,,,,,,,,,,,51,78
David Fletcher,664058,2022,,,,,,,,,,,,,23,94
Kevin Newman,621028,2022,,,,,,,,,,,,,65,43
George Springer,543807,2022,79,78,74,65,81,72,56,43,63,76,65,24,76,76
Kyle Farmer,571657,2022,45,69,40,26,52,29,15,6,16,77,17,83,36,28
Luis Barrera,642456,2022,,,,,,,,,,,,,81,
Nick Maton,665155,2022,,,,,,,,,,,,,33,
Andrelton Simmons,592743,2022,,,,,,,,,,,,,35,
LaMonte Wade Jr.,664774,2022,,,,,,,,,,,,,20,
José Iglesias,578428,2022,12,80,6,1,33,1,1,1,4,95,1,98,78,48
Connor Joe,656582,2022,45,39,13,11,81,16,18,5,16,52,90,72,37,17
Jeimer Candelario,600869,2022,22,22,38,52,10,51,54,16,21,36,20,45,48,8
Anthony Rizzo,519203,2022,84,35,81,88,87,78,76,57,56,69,79,60,14,18
Lane Thomas,657041,2022,16,16,24,34,14,41,37,10,20,31,43,72,95,19
Eugenio Suárez,553993,2022,75,12,81,94,53,93,94,66,69,5,88,8,17,50
Anthony Rendon,543685,2022,,,,,,,,,,,,,25,
Yoshi Tsutsugo,660294,2022,,,,,,,,,,,,,21,
Juan Yepez,660766,2022,,,,,,,,,,,,,38,
Reese McGuire,624512,2022,,,,,,,,,,,,,20,
Jorge Alfaro,595751,2022,,,,,,,,,,,,,85,
Albert Pujols,405395,2022,94,74,94,96,83,60,85,86,86,84,48,71,1,
Tim Anderson,641313,2022,78,99,74,35,78,20,29,37,57,84,5,58,76,27
Eric Haase,606992,2022,33,35,50,60,20,31,59,25,63,13,32,9,65,
Nick Ahmed,605113,2022,,,,,,,,,,,,,67,
Zack Collins,641470,2022,,,,,,,,,,,,,3,
Spencer Steer,668715,2022,,,,,,,,,,,,,51,
José Azocar,640492,2022,,,,,,,,,,,,,96,94
Corey Dickerson,572816,2022,,,,,,,,,,,,,41,
Austin Nola,543592,2022,37,64,18,9,66,3,5,57,47,87,55,95,30,
Mike Brosseau,670712,2022,,,,,,,,,,,,,59,
Nick Gordon,624503,2022,69,72,86,80,39,57,61,80,74,34,7,28,61,31
Harold Castro,605612,2022,51,88,67,47,34,34,32,14,14,71,3,79,25,1
Trent Grisham,663757,2022,23,4,20,49,31,45,53,38,25,11,83,39,87,99
Marcus Semien,543760,2022,38,42,47,51,30,74,41,18,22,79,39,76,89,95
Alcides Escobar,444876,2022,,,,,,,,,,,,,72,
Alex Call,669743,2022,,,,,,,,,,,,,78,
David Villar,681584,2022,,,,,,,,,,,,,35,
Kris Bryant,592178,2022,,,,,,,,,,,,,50,
Jarred Kelenic,672284,2022,,,,,,,,,,,,,47,
Bubba Thompson,669352,2022,,,,,,,,,,,,,100,
Aledmys Díaz,649557,2022,,,,,,,,,,,,,59,81
Yadiel Hernandez,628450,2022,,,,,,,,,,,,,14,
Eloy Jiménez,650391,2022,,,,,,,,,,,,,16,
Yonathan Daza,602074,2022,41,95,18,2,70,2,3,1,2,91,25,86,73,22
Jordan Diaz,672478,2022,,,,,,,,,,,,,24,
Peyton Burdick,680814,2022,,,,,,,,,,,,,72,
Josh Jung,673962,2022,,,,,,,,,,,,,39,
Mike Moustakas,519058,2022,,,,,,,,,,,,,8,
Jo Adell,666176,2022,,,,,,,,,,,,,98,17
Chris Taylor,621035,2022,9,2,13,42,9,45,70,20,38,1,67,1,83,82
Jared Walsh,665120,2022,11,14,31,46,6,51,63,72,65,7,19,30,18,46
Teoscar Hernández,606192,2022,86,78,95,95,45,93,94,96,98,12,25,5,84,14
Phil Gosselin,594838,2022,,,,,,,,,,,,,87,
Jermaine Palacios,650339,2022,,,,,,,,,,,,,78,
Matt Carpenter,572761,2022,,,,,,,,,,,,,22,
Tucker Barnhart,571466,2022,,,,,,,,,,,,,1,
Austin Hedges,595978,2022,,,,,,,,,,,,,5,
Eric Hosmer,543333,2022,45,69,38,24,61,25,29,39,47,86,57,85,18,30
Ji-Man Choi,596847,2022,72,29,61,70,84,54,84,93,88,9,96,9,8,75
Geraldo Perdomo,672695,2022,4,6,1,1,31,3,4,3,2,53,74,87,48,80
Hunter Dozier,641531,2022,31,39,43,44,24,47,49,41,42,25,32,20,64,6
Brendan Rodgers,663898,2022,62,78,54,39,66,60,45,69,80,74,47,61,34,82
Dermis Garcia,660650,2022,,,,,,,,,,,,,52,
Alan Trejo,676701,2022,,,,,,,,,,,,,35,
Charles Leblanc,641779,2022,,,,,,,,,,,,,69,
Jacob Stallings,607732,2022,7,14,3,7,20,6,8,10,11,45,43,61,1,
Josh Donaldson,518626,2022,29,7,31,55,32,67,66,81,68,15,72,8,16,90
Magneuris Sierra,642423,2022,,,,,,,,,,,,,97,
Travis Demeritte,641513,2022,,,,,,,,,,,,,75,
Josh VanMeter,642165,2022,,,,,,,,,,,,,23,
Andrew Velazquez,623205,2022,1,2,3,18,1,16,39,33,18,2,7,7,93,81
Luis Rengifo,650859,2022,24,60,46,38,12,38,27,12,15,85,1,67,67,5
Daulton Varsho,662139,2022,26,7,45,68,12,78,70,25,25,27,46,45,69,99
Jack Mayfield,608686,2022,,,,,,,,,,,,,48,
Mitch Garver,641598,2022,,,,,,,,,,,,,28,
Omar Narváez,553882,2022,,,,,,,,,,,,,2,
Andrés Giménez,665926,2022,62,66,51,41,75,41,33,29,36,56,21,39,94,98
Steven Kwan,680757,2022,46,82,14,3,85,3,1,3,1,100,67,100,78,96
JJ Bleday,668709,2022,,,,,,,,,,,,,61,
Michael Harris II,671739,2022,71,82,83,77,42,60,69,61,76,29,10,26,95,92
Hunter Renfroe,592669,2022,58,37,74,79,32,76,76,78,70,37,43,35,45,28
Luis Arraez,650333,2022,69,97,55,25,87,25,11,48,7,100,51,100,38,15
J.P. Crawford,641487,2022,49,62,10,5,88,6,4,3,5,93,86,96,38,2
Will Brennan,686823,2022,,,,,,,,,,,,,52,
Trevor Larnach,663616,2022,,,,,,,,,,,,,42,
Austin Slater,596103,2022,,,,,,,,,,,,,74,75
Jose Siri,642350,2022,,,,,,,,,,,,,100,99
Willson Contreras,575929,2022,94,64,85,83,94,67,73,76,90,49,63,12,56,
Luke Voit,572228,2022,57,16,73,86,35,89,94,66,73,4,67,1,6,
Brandon Drury,592273,2022,51,41,65,71,32,80,72,51,62,42,31,67,43,71
Miguel Sanó,593934,2022,,,,,,,,,,,,,34,
Cal Stevenson,670276,2022,,,,,,,,,,,,,58,
J.J. Matijevic,656695,2022,,,,,,,,,,,,,34,
Darick Hall,669742,2022,,,,,,,,,,,,,27,
Joey Wendle,621563,2022,9,55,8,5,17,1,3,22,28,92,5,90,49,83
Kurt Suzuki,435559,2022,,,,,,,,,,,,,4,
Rafael Ortega,542364,2022,39,39,16,13,71,10,20,16,16,57,90,82,42,
Giancarlo Stanton,519317,2022,86,37,89,95,64,92,98,99,98,8,85,3,5,
Ronald Acuña Jr.,660670,2022,95,85,92,87,91,83,88,86,92,34,72,47,82,6
Jorge Mateo,622761,2022,6,16,15,26,3,34,31,12,13,13,12,12,99,97
Bryan Reynolds,668804,2022,66,53,63,63,71,63,50,73,66,40,61,29,75,6
Rafael Devers,646240,2022,92,95,94,88,85,92,82,98,96,67,48,26,13,24
Kerry Carpenter,681481,2022,,,,,,,,,,,,,48,
Garrett Hampson,641658,2022,,,,,,,,,,,,,96,48
Victor Reyes,622682,2022,,,,,,,,,,,,,54,26
Josh Naylor,647304,2022,64,66,71,66,55,63,57,57,65,82,43,80,11,80
Rhys Hoskins,656555,2022,74,35,78,83,61,88,78,72,73,25,80,42,19,4
Cedric Mullins,656775,2022,17,24,18,21,24,41,24,47,33,64,36,63,80,96
Wynton Bernard,592144,2022,,,,,,,,,,,,,99,
Ryan Kreidler,668952,2022,,,,,,,,,,,,,76,
Stone Garrett,656448,2022,,,,,,,,,,,,,83,
Byron Buxton,621439,2022,91,41,96,98,55,74,97,97,93,7,58,6,92,
Oscar Gonzalez,660757,2022,54,93,66,41,44,34,46,42,51,58,4,37,88,9
Garrett Mitchell,669003,2022,,,,,,,,,,,,,99,
Chris Owings,572008,2022,,,,,,,,,,,,,62,
Austin Romine,519222,2022,,,,,,,,,,,,,6,
Luke Williams,663897,2022,,,,,,,,,,,,,87,
Stephen Vogt,519390,2022,,,,,,,,,,,,,17,
James McCann,543510,2022,,,,,,,,,,,,,22,
Hanser Alberto,593643,2022,,,,,,,,,,,,,19,
Matt Reynolds,608703,2022,,,,,,,,,,,,,51,43
Lars Nootbaar,663457,2022,82,49,62,63,92,51,85,90,80,54,98,56,74,64
Gilberto Celestino,665482,2022,4,11,1,3,24,2,6,18,19,42,63,57,65,79
Carlos Correa,621043,2022,93,89,92,84,88,86,81,67,74,54,76,65,45,18
Javier Báez,595879,2022,15,23,37,48,5,67,52,31,38,26,8,4,67,72
Andrew Vaughn,683734,2022,53,62,63,59,42,67,50,82,90,75,17,74,25,1
Seth Brown,664913,2022,74,57,81,80,57,86,90,53,59,19,63,19,63,6
Paul DeJong,657557,2022,,,,,,,,,,,,,60,87
Jordan Groshans,677954,2022,,,,,,,,,,,,,27,
Ernie Clement,676391,2022,,,,,,,,,,,,,75,
Adam Engel,641553,2022,,,,,,,,,,,,,92,82
Cristian Pache,665506,2022,,,,,,,,,,,,,83,94
Spencer Torkelson,679529,2022,37,20,37,51,37,38,56,78,61,27,63,43,62,37
Jon Berti,542932,2022,38,29,25,26,54,20,31,33,32,43,77,51,97,86
Anthony Santander,623993,2022,88,66,87,87,73,94,82,72,68,63,53,67,30,12
Josh Bell,605137,2022,84,86,68,51,96,67,45,48,55,83,93,66,25,14
Diego Castillo,660636,2022,,,,,,,,,,,,,49,32
Jonah Heim,641680,2022,21,19,27,37,23,38,43,55,49,59,61,69,21,
Isiah Kiner-Falefa,643396,2022,19,74,8,2,48,1,1,8,7,92,29,99,79,17
Sean Murphy,669221,2022,80,62,76,74,78,83,73,43,59,55,63,54,23,
Adolis García,666969,2022,57,44,79,81,23,96,88,92,86,12,21,8,66,67
Shea Langeliers,669127,2022,,,,,,,,,,,,,85,
Brett Phillips,621433,2022,,,,,,,,,,,,,88,
Akil Baddoo,668731,2022,,,,,,,,,,,,,89,43
Jorge Soler,624585,2022,,,,,,,,,,,,,41,
Tyler Naquin,571980,2022,,,,,,,,,,,,,60,
Cal Raleigh,663728,2022,61,8,84,97,18,76,96,84,69,9,63,11,37,
Elvis Andrus,462101,2022,22,46,27,20,28,31,18,31,22,83,32,69,22,84
Charlie Blackmon,453568,2022,31,64,36,24,39,29,15,8,8,63,16,69,63,
Willie Calhoun,641432,2022,,,,,,,,,,,,,19,
Juan Lagares,501571,2022,,,,,,,,,,,,,54,
Kyle Lewis,641786,2022,,,,,,,,,,,,,2,
Charlie Culberson,518586,2022,,,,,,,,,,,,,65,
Jose Herrera,645444,2022,,,,,,,,,,,,,10,
Jason Delay,641511,2022,,,,,,,,,,,,,23,
Kyle Higashioka,543309,2022,,,,,,,,,,,,,19,
Danny Jansen,643376,2022,,,,,,,,,,,,,53,
Avisaíl García,541645,2022,12,23,29,35,5,20,36,43,75,10,9,2,74,
Brandon Marsh,669016,2022,16,20,33,44,8,31,47,53,39,1,21,21,89,93
Daniel Vogelbach,596129,2022,85,29,70,77,92,57,75,57,49,27,99,76,2,
Mark Canha,592192,2022,58,46,27,21,88,25,24,25,29,71,58,64,52,29
Eduardo Escobar,500871,2022,47,42,69,72,28,72,61,38,34,33,41,29,66,8
José Abreu,547989,2022,96,98,92,76,98,88,63,93,97,82,61,58,20,64
Nick Solak,669256,2022,,,,,,,,,,,,,85,
Triston Casas,671213,2022,,,,,,,,,,,,,7,
Edmundo Sosa,624641,2022,,,,,,,,,,,,,96,97
Yu Chang,644374,2022,,,,,,,,,,,,,80,81
Christian Vázquez,543877,2022,31,74,35,19,35,23,25,31,29,82,14,89,13,
Michael Chavis,656308,2022,1,9,10,23,1,34,47,5,43,9,9,14,89,9
Travis d'Arnaud,518595,2022,47,49,60,62,28,47,57,41,45,49,9,37,24,
Bryce Harper,547180,2022,98,97,97,97,96,74,88,92,88,55,81,24,57,
Nelson Cruz,443558,2022,54,39,50,57,55,60,60,84,81,35,67,11,13,
Jesús Aguilar,542583,2022,26,37,47,53,16,41,43,25,27,35,16,35,2,
Miguel Rojas,500743,2022,22,77,16,6,41,5,3,7,3,95,12,92,29,98
Marcell Ozuna,542303,2022,72,64,90,90,32,86,90,57,72,31,21,22,32,
Austin Meadows,640457,2022,,,,,,,,,,,,,47,
Luis Urías,649966,2022,62,32,49,60,73,47,54,18,24,50,79,63,29,31
Owen Miller,680911,2022,21,48,14,9,37,10,10,6,10,57,32,86,90,91
Rougned Odor,596059,2022,9,5,11,33,8,34,37,29,14,39,32,33,43,9
Anthony Bemboom,621532,2022,,,,,,,,,,,,,39,
Conner Capel,668843,2022,,,,,,,,,,,,,56,
Dee Strange-Gordon,543829,2022,,,,,,,,,,,,,78,
Jake Hager,606993,2022,,,,,,,,,,,,,46,
Livan Soto,670869,2022,,,,,,,,,,,,,54,
Ryan Jeffers,680777,2022,,,,,,,,,,,,,22,
Rowdy Tellez,642133,2022,84,58,90,91,75,94,88,86,80,55,77,55,1,14
Enrique Hernández,571771,2022,24,32,22,23,39,23,29,29,22,72,53,50,40,87
Jose Miranda,669304,2022,52,59,58,57,42,38,33,55,63,64,18,52,25,16
Taylor Ward,621493,2022,92,82,89,82,88,88,86,69,66,48,79,63,79,68
Randy Arozarena,668227,2022,31,26,41,47,30,70,50,67,56,30,37,24,86,51
Nathaniel Lowe,663993,2022,80,88,82,74,70,83,68,73,75,41,41,47,44,2
Cooper Hummel,669450,2022,,,,,,,,,,,,,88,
Sam Haggerty,664059,2022,,,,,,,,,,,,,90,
Connor Wong,657136,2022,,,,,,,,,,,,,88,
Mickey Moniak,666160,2022,,,,,,,,,,,,,72,
Sergio Alcántara,642727,2022,,,,,,,,,,,,,57,35
Ozzie Albies,645277,2022,17,20,16,24,26,13,26,25,31,56,49,72,15,
Juan Soto,665742,2022,99,80,95,94,99,94,86,85,86,90,100,83,33,1
René Pinto,650907,2022,,,,,,,,,,,,,39,
Yermín Mercedes,606213,2022,,,,,,,,,,,,,19,
Luis Torrens,620443,2022,,,,,,,,,,,,,20,
Johan Camargo,622666,2022,,,,,,,,,,,,,7,
Matt Duffy,622110,2022,,,,,,,,,,,,,37,29
Jake Fraley,641584,2022,,,,,,,,,,,,,69,
Mitch Haniger,571745,2022,,,,,,,,,,,,,39,
Matt Chapman,656305,2022,78,26,77,82,68,89,88,93,97,14,84,22,77,72
Yadier Molina,425877,2022,,,,,,,,,,,,,1,
Eddie Rosario,592696,2022,,,,,,,,,,,,,56,
Jesús Sánchez,660821,2022,26,20,42,58,18,38,68,61,53,17,43,19,48,24
Kole Calhoun,594777,2022,23,17,41,58,10,45,66,82,89,4,25,4,12,35
Colin Moran,592567,2022,,,,,,,,,,,,,2,
Starling Marte,516782,2022,72,89,70,53,69,45,41,12,17,61,12,54,68,31
Alec Burleson,676475,2022,,,,,,,,,,,,,10,
Tres Barrera,668663,2022,,,,,,,,,,,,,3,
Danny Mendick,664901,2022,,,,,,,,,,,,,21,
Austin Barnes,605131,2022,,,,,,,,,,,,,33,
Yan Gomes,543228,2022,,,,,,,,,,,,,27,
Andrew Knizner,668800,2022,,,,,,,,,,,,,17,
Sheldon Neuse,641914,2022,,,,,,,,,,,,,29,7
Adley Rutschman,668939,2022,79,51,60,61,91,45,50,31,31,69,96,88,47,
Gio Urshela,570482,2022,58,82,63,47,57,57,44,48,34,74,41,69,17,11
C.J. Cron,543068,2022,55,44,74,78,35,85,76,43,63,20,32,52,10,62
Bobby Witt Jr.,677951,2022,47,59,69,68,22,78,59,65,43,49,10,45,100,1
Bo Bichette,666182,2022,70,92,78,62,54,89,64,91,94,42,19,59,52,7
Albert Almora Jr.,546991,2022,,,,,,,,,,,,,57,
Jake McCarthy,664983,2022,26,53,24,15,41,10,20,20,16,46,27,31,98,34
Carson Kelly,608348,2022,17,20,16,24,26,13,26,25,31,56,49,72,15,
Harold Ramírez,623912,2022,47,94,43,15,57,20,20,41,57,79,8,44,71,
Andy Ibáñez,628451,2022,,,,,,,,,,,,,52,
Ryan McMahon,641857,2022,67,51,67,68,65,76,72,90,83,18,75,24,17,96
Trea Turner,607208,2022,71,89,72,57,61,78,48,48,60,68,25,39,99,48
Freddie Freeman,518692,2022,99,100,98,91,99,92,68,88,88,90,90,80,39,67
Austin Wynns,642851,2022,,,,,,,,,,,,,7,
Rob Refsnyder,608701,2022,,,,,,,,,,,,,45,
Tucupita Marcano,672779,2022,,,,,,,,,,,,,87,
Jake Cave,595909,2022,,,,,,,,,,,,,69,
TJ Friedl,670770,2022,,,,,,,,,,,,,72,
J.T. Realmuto,592663,2022,86,88,85,75,81,83,80,75,85,49,39,42,86,
Miguel Vargas,678246,2022,,,,,,,,,,,,,94,
Luis Campusano,669134,2022,,,,,,,,,,,,,26,
Sam Hilliard,656541,2022,,,,,,,,,,,,,85,
J.D. Davis,605204,2022,89,46,87,92,76,63,97,95,99,2,80,2,30,
Max Kepler,596146,2022,74,80,60,44,88,40,45,51,49,88,84,78,64,97
Seiya Suzuki,673548,2022,64,49,65,65,59,63,77,63,58,27,66,60,77,16
AJ Pollock,572041,2022,52,69,65,60,34,74,61,47,61,67,21,49,60,32
Dominic Smith,642086,2022,,,,,,,,,,,,,26,
Jarren Duran,680776,2022,,,,,,,,,,,,,93,
Donovan Solano,456781,2022,,,,,,,,,,,,,18,
Alek Thomas,677950,2022,9,32,9,10,12,10,12,20,21,71,14,47,95,92
Mike Zunino,572287,2022,,,,,,,,,,,,,12,
Bligh Madris,676632,2022,,,,,,,,,,,,,64,
Richie Palacios,680700,2022,,,,,,,,,,,,,63,
William Contreras,661388,2022,82,42,90,94,55,60,91,76,84,13,77,6,42,
Yasmani Grandal,518735,2022,19,9,4,12,48,10,20,69,50,50,91,66,1,
Joey Votto,458015,2022,57,10,45,65,68,45,78,65,58,21,89,19,10,3
Randal Grichuk,545341,2022,12,22,31,39,4,47,41,69,70,34,9,49,68,33
Christian Yelich,592885,2022,75,69,54,44,92,70,53,89,90,31,94,47,70,12
Matt Beaty,607461,2022,,,,,,,,,,,,,37,
Cam Gallagher,595956,2022,,,,,,,,,,,,,7,
Nolan Jones,666134,2022,,,,,,,,,,,,,68,
Buddy Kennedy,671083,2022,,,,,,,,,,,,,95,
Leody Taveras,665750,2022,4,23,5,8,8,7,15,55,27,21,23,26,96,87
Yuli Gurriel,493329,2022,5,37,4,4,14,6,3,37,25,94,12,96,40,4
Michael Hermosillo,641684,2022,,,,,,,,,,,,,82,
Gabriel Moreno,672515,2022,,,,,,,,,,,,,50,
Frank Schwindel,643524,2022,,,,,,,,,,,,,15,
Jean Segura,516416,2022,35,60,28,17,47,13,15,24,41,88,27,86,59,84
Brendan Donovan,680977,2022,75,80,29,11,98,9,8,25,35,88,93,92,47,20
Tommy Edman,669242,2022,41,69,40,26,49,57,33,42,36,73,39,76,86,100
Austin Riley,663586,2022,97,85,98,98,86,98,96,96,95,30,49,30,61,5
Eli White,642201,2022,,,,,,,,,,,,,98,
Taylor Trammell,666211,2022,,,,,,,,,,,,,41,
Bradley Zimmer,605548,2022,,,,,,,,,,,,,93,
Jordan Luplow,656669,2022,,,,,,,,,,,,,60,
Orlando Arcia,606115,2022,,,,,,,,,,,,,30,19
Leury Garcia,544725,2022,,,,,,,,,,,,,80,55
Adam Duvall,594807,2022,,,,,,,,,,,,,67,88
Abraham Toro,647351,2022,14,20,33,44,7,25,41,14,5,68,24,66,68,58
Joc Pederson,592626,2022,95,80,96,95,85,82,95,98,98,39,67,51,20,2
Raimel Tapia,606132,2022,16,64,29,18,10,23,25,24,38,65,2,67,72,12
Keibert Ruiz,660688,2022,66,91,53,30,76,13,11,33,11,97,35,94,11,
Yoán Moncada,660162,2022,18,12,35,55,9,54,66,43,33,19,41,28,51,87
Miguel Cabrera,408234,2022,8,26,8,10,18,16,20,67,39,36,27,35,1,
Jason Castro,488771,2022,,,,,,,,,,,,,27,
Curt Casali,592200,2022,,,,,,,,,,,,,5,
Ke'Bryan Hayes,663647,2022,35,55,20,14,53,19,13,85,84,44,55,75,64,99
Julio Rodríguez,677594,2022,72,60,83,82,51,89,90,92,95,20,37,16,98,95
Ian Happ,664023,2022,38,35,38,39,46,54,37,65,52,37,59,33,66,78
Daz Cameron,663662,2022,,,,,,,,,,,,,82,
Miguel Andújar,609280,2022,,,,,,,,,,,,,52,
Manuel Margot,622534,2022,29,77,24,8,47,7,11,61,37,65,29,49,66,
Jake Lamb,571875,2022,,,,,,,,,,,,,22,
Jason Vosler,613564,2022,,,,,,,,,,,,,35,
Ildemaro Vargas,545121,2022,,,,,,,,,,,,,46,92
Oscar Mercado,640458,2022,,,,,,,,,,,,,77,
Cavan Biggio,624415,2022,,,,,,,,,,,,,81,94
Jace Peterson,607054,2022,,,,,,,,,,,,,81,91
David Peralta,444482,2022,47,53,50,49,49,54,57,75,73,36,51,39,55,88
Alex Bregman,608324,2022,85,66,63,59,96,72,46,48,36,96,94,94,33,94
Royce Lewis,668904,2022,,,,,,,,,,,,,79,
Jake Marisnick,545350,2022,,,,,,,,,,,,,85,
Guillermo Heredia,628338,2022,,,,,,,,,,,,,69,
César Hernández,514917,2022,19,51,7,5,42,9,5,1,5,68,39,76,77,17
Willy Adames,642715,2022,58,32,80,86,28,93,90,48,70,16,47,24,62,96
Christian Walker,572233,2022,92,66,92,92,83,94,82,69,72,58,76,50,32,99
Greg Allen,656185,2022,,,,,,,,,,,,,72,
Jonah Bride,681146,2022,,,,,,,,,,,,,39,
Tomás Nido,621512,2022,,,,,,,,,,,,,14,
Nick Senzel,669222,2022,29,53,22,14,44,7,8,16,17,70,37,65,85,45
Ha-Seong Kim,673490,2022,42,55,31,23,57,25,14,10,12,76,57,84,79,95
Austin Hays,669720,2022,26,37,33,33,26,38,26,25,35,58,18,56,61,8
Joey Bart,663698,2022,,,,,,,,,,,,,46,
Bryson Stott,681082,2022,14,31,13,13,24,19,15,35,31,62,45,89,91,74
Taylor Walls,670764,2022,4,2,2,15,18,25,33,9,4,21,86,45,87,2
Jesse Winker,608385,2022,82,53,53,55,96,51,48,25,19,64,98,78,12,3
Victor Caratini,605170,2022,,,,,,,,,,,,,8,
Luis González,670768,2022,2,7,3,7,17,3,7,12,11,47,55,61,73,13
Jonathan India,663697,2022,33,32,20,20,49,16,20,3,5,45,39,56,59,3
Travis Jankowski,608671,2022,,,,,,,,,,,,,91,
Trevor Story,596115,2022,31,14,49,68,18,51,80,48,54,6,48,14,82,97
Robbie Grossman,543257,2022,12,4,2,11,37,7,10,10,8,16,89,55,67,54
Tony Kemp,643393,2022,2,11,1,2,22,3,2,1,1,94,48,98,24,83
Mike Yastrzemski,573262,2022,47,12,46,65,44,76,78,67,65,24,83,62,42,77
Ketel Marte,606466,2022,49,57,37,30,70,41,32,72,61,70,72,75,41,20
Nick Castellanos,592206,2022,33,55,48,42,21,47,39,22,23,36,14,10,58,2
Jeremy Peña,665161,2022,30,51,49,48,12,75,65,35,29,30,4,18,95,92
Yandy Díaz,650490,2022,94,97,68,37,98,31,20,93,91,98,97,96,44,5
Mookie Betts,605141,2022,80,60,86,85,61,86,65,78,76,81,55,90,49,86
Josh Lowe,666139,2022,,,,,,,,,,,,,87,
Oneil Cruz,665833,2022,36,17,58,75,14,63,96,91,81,1,46,4,98,3
Jose Altuve,514888,2022,90,84,77,64,94,70,49,6,5,90,83,91,70,76
Kevin Smith,675656,2022,,,,,,,,,,,,,57,
Jason Heyward,518792,2022,,,,,,,,,,,,,44,
Kevin Kiermaier,595281,2022,,,,,,,,,,,,,93,
CJ Abrams,682928,2022,24,60,46,38,12,38,27,12,15,85,1,67,91,4
Nick Allen,669397,2022,,,,,,,,,,,,,58,95
Chas McCormick,676801,2022,61,24,62,72,53,47,70,35,46,20,86,10,84,93
Victor Robles,645302,2022,1,3,1,4,1,6,8,1,1,22,6,33,86,90
Dylan Carlson,666185,2022,31,26,22,25,47,19,15,7,4,59,63,43,71,84
Will Benson,666181,2022,,,,,,,,,,,,,94,
Mark Contreras,676628,2022,,,,,,,,,,,,,80,
Nate Eaton,681987,2022,,,,,,,,,,,,,97,
Tyler Wade,642180,2022,,,,,,,,,,,,,91,21
Jack Suwinski,669261,2022,39,4,47,76,28,47,86,38,52,6,84,15,84,71
Aaron Hicks,543305,2022,35,10,10,21,70,20,29,31,14,31,95,41,66,61
Patrick Wisdom,621550,2022,23,1,40,77,10,80,93,81,82,1,72,3,60,1
MJ Melendez,669004,2022,69,31,58,66,71,72,72,81,69,27,92,28,61,
Corey Seager,608369,2022,96,96,97,91,90,93,73,86,78,85,57,38,24,86
Kevin Plawecki,608700,2022,,,,,,,,,,,,,7,
Riley Greene,682985,2022,51,48,44,40,49,41,60,61,77,10,55,43,59,71
Mike Trout,545361,2022,98,78,99,99,90,96,99,90,96,12,81,17,95,83
Andrew McCutchen,457705,2022,61,58,55,55,65,70,57,51,50,47,70,53,90,
Ryan O'Hearn,656811,2022,,,,,,,,,,,,,48,
Ramón Laureano,657656,2022,39,11,52,72,22,54,82,43,41,15,27,16,56,10
Brian Anderson,605119,2022,42,22,38,49,48,40,65,43,61,18,67,16,53,10
Tyler O'Neill,641933,2022,67,37,67,72,57,51,80,66,68,16,72,12,97,72
José Ramírez,608070,2022,54,62,55,53,75,72,39,25,32,95,75,94,81,85
Pete Alonso,624413,2022,90,74,93,92,84,96,86,66,75,65,70,53,15,5
Skye Bolt,621450,2022,,,,,,,,,,,,,63,
Cal Mitchell,668751,2022,,,,,,,,,,,,,23,
Didi Gregorius,544369,2022,,,,,,,,,,,,,50,12
Nolan Gorman,669357,2022,,,,,,,,,,,,,38,1
Harrison Bader,664056,2022,21,19,27,37,23,38,43,55,49,59,61,69,92,91
Josh Rojas,668942,2022,41,41,29,28,61,20,18,47,27,61,81,63,50,11
Jonathan Schoop,570731,2022,2,22,11,19,2,25,20,14,43,50,2,24,41,100
Dansby Swanson,621020,2022,72,66,84,81,45,91,76,73,82,20,36,15,79,100
Aaron Judge,592450,2022,100,99,100,100,100,100,100,100,100,25,99,18,50,85
Roman Quinn,596451,2022,,,,,,,,,,,,,96,
Jonathan Aranda,666018,2022,,,,,,,,,,,,,16,
Edward Olivares,658668,2022,,,,,,,,,,,,,83,
Jose Barrero,676480,2022,,,,,,,,,,,,,64,26
Lewin Díaz,650331,2022,,,,,,,,,,,,,5,
Tyler Heineman,623168,2022,,,,,,,,,,,,,36,
Dylan Moore,664238,2022,,,,,,,,,,,,,76,68
Trayce Thompson,572204,2022,,,,,,,,,,,,,62,
Stephen Piscotty,572039,2022,,,,,,,,,,,,,9,
Odúbel Herrera,546318,2022,,,,,,,,,,,,,40,
Rodolfo Castro,666801,2022,,,,,,,,,,,,,49,16
Kyle Isbel,664728,2022,,,,,,,,,,,,,68,97
Emmanuel Rivera,656896,2022,43,32,58,66,23,40,60,76,41,39,25,41,40,80
Andrew Benintendi,643217,2022,70,86,55,33,84,31,25,53,43,88,74,75,53,59
Wilmer Flores,527038,2022,43,25,31,37,54,51,35,29,24,77,70,85,9,22
Adam Frazier,624428,2022,25,74,11,4,57,3,2,3,2,95,43,95,37,90
Willians Astudillo,553902,2022,,,,,,,,,,,,,4,
Stuart Fairchild,656413,2022,,,,,,,,,,,,,91,
Ehire Adrianza,501303,2022,,,,,,,,,,,,,31,
Robinson Chirinos,455139,2022,,,,,,,,,,,,,1,
Ezequiel Duran,677649,2022,,,,,,,,,,,,,92,32
Jonathan Villar,542340,2022,,,,,,,,,,,,,36,1
Dairon Blanco,680118,2022,,,,,,,,,,,,,89,
Travis Swaggerty,680552,2022,,,,,,,,,,,,,71,
Canaan Smith-Njigba,675986,2022,,,,,,,,,,,,,38,
James Outman,681546,2022,,,,,,,,,,,,,58,
Kevin Pillar,607680,2022,,,,,,,,,,,,,45,
Bryan Lavastida,681526,2022,,,,,,,,,,,,,16,
Otto Lopez,672640,2022,,,,,,,,,,,,,54,
Francisco Álvarez,682626,2022,,,,,,,,,,,,,11,
Ender Inciarte,542255,2022,,,,,,,,,,,,,15,
Billy Hamilton,571740,2022,,,,,,,,,,,,,91,
Miles Mastrobuoni,670156,2022,,,,,,,,,,,,,49,
Pedro Severino,600474,2022,,,,,,,,,,,,,12,
Mark Kolozsvary,656627,2022,,,,,,,,,,,,,74,
Bryce Johnson,669369,2022,,,,,,,,,,,,,43,
José Godoy,608422,2022,,,,,,,,,,,,,10,
Logan O'Hoppe,681351,2022,,,,,,,,,,,,,32,
Iván Herrera,671056,2022,,,,,,,,,,,,,26,
Jared Young,676724,2022,,,,,,,,,,,,,73,
Jaylin Davis,664041,2022,,,,,,,,,,,,,70,
Matthew Batten,676946,2022,,,,,,,,,,,,,96,
Pablo Reyes,622569,2022,,,,,,,,,,,,,46,
Manny Piña,444489,2022,,,,,,,,,,,,,3,
Dalton Guthrie,656495,2022,,,,,,,,,,,,,93,
Heliot Ramos,671218,2022,,,,,,,,,,,,,52,
Adam Haseley,656514,2022,,,,,,,,,,,,,65,
Korey Lee,686676,2022,,,,,,,,,,,,,71,
Carlos Pérez,656024,2022,,,,,,,,,,,,,9,
Tim Beckham,542921,2022,,,,,,,,,,,,,41,
Ben DeLuzio,641512,2022,,,,,,,,,,,,,99,
Maikel Garcia,672580,2022,,,,,,,,,,,,,81,
Michael Siani,672279,2022,,,,,,,,,,,,,6,
Nick Plummer,663911,2022,,,,,,,,,,,,,22,
Mark Payton,592622,2022,,,,,,,,,,,,,55,
Ford Proctor,665154,2022,,,,,,,,,,,,,30,
Sebastian Rivero,665861,2022,,,,,,,,,,,,,9,
Eddy Alvarez,657193,2022,,,,,,,,,,,,,38,
Lucius Fox,665650,2022,,,,,,,,,,,,,93,
Estevan Florial,664314,2022,,,,,,,,,,,,,67,
Cody Thomas,642137,2022,,,,,,,,,,,,,28,
Elier Hernandez,609274,2022,,,,,,,,,,,,,79,
Jeter Downs,669023,2022,,,,,,,,,,,,,83,
Kelvin Gutiérrez,642721,2022,,,,,,,,,,,,,77,
Richie Martin,621006,2022,,,,,,,,,,,,,86,
Max Schrock,621011,2022,,,,,,,,,,,,,14,
Niko Goodrum,592348,2022,,,,,,,,,,,,,53,
Tom Murphy,608596,2022,,,,,,,,,,,,,34,
Payton Henry,668721,2022,,,,,,,,,,,,,26,
Brent Rooker,667670,2022,,,,,,,,,,,,,63,
Matt Davidson,571602,2022,,,,,,,,,,,,,4,
Yonny Hernandez,660634,2022,,,,,,,,,,,,,36,
Lewis Brinson,621446,2022,,,,,,,,,,,,,90,
Lenyn Sosa,672820,2022,,,,,,,,,,,,,57,
Abraham Almonte,501659,2022,,,,,,,,,,,,,23,
David Hensley,682073,2022,,,,,,,,,,,,,82,
Kevin Padlo,656821,2022,,,,,,,,,,,,,17,
Alex Dickerson,543105,2022,,,,,,,,,,,,,17,
Zach Reks,676646,2022,,,,,,,,,,,,,8,
Ezequiel Tovar,678662,2022,,,,,,,,,,,,,57,
Mark Vientos,668901,2022,,,,,,,,,,,,,25,
Justin Upton,457708,2022,,,,,,,,,,,,,46,
Erik González,570481,2022,,,,,,,,,,,,,68,
Dom Nuñez,624513,2022,,,,,,,,,,,,,5,
Jackson Frazier,640449,2022,,,,,,,,,,,,,33,
Carlos Sanchez,570560,2022,,,,,,,,,,,,,30,
Chad Wallach,595453,2022,,,,,,,,,,,,,3,
Ji Hwan Bae,678225,2022,,,,,,,,,,,,,90,
Andrew Knapp,595284,2022,,,,,,,,,,,,,31,
Esteury Ruiz,665923,2022,35,55,20,14,53,19,13,85,84,44,55,75,98,
Jonathan Araúz,660620,2022,,,,,,,,,,,,,21,
Adalberto Mondesi,609275,2022,5,37,4,4,14,6,3,37,25,94,12,96,40,4
Brett Baty,683146,2022,,,,,,,,,,,,,36,
Josh Palacios,641943,2022,,,,,,,,,,,,,82,
Gabriel Arias,672356,2022,,,,,,,,,,,,,70,
Steven Duggar,621453,2022,,,,,,,,,,,,,70,
Matt Wallner,670242,2022,,,,,,,,,,,,,78,
Esteban Quiroz,606019,2022,,,,,,,,,,,,,9,
