converted_name,weight,height,bats,throws
David Aardsma,215,75,R,R
Fernando Abad,235,74,L,L
Cory Abbott,220,74,R,R
CJ Abrams,185,74,L,R
Albert Abreu,190,74,R,R
Bryan Abreu,225,73,R,R
José Abreu,235,75,R,R
Domingo Acevedo,240,79,R,R
A. J. Achter,215,77,R,R
Dustin Ackley,205,73,L,R
Manny Acta,172,74,R,R
Ronald Acuña Jr.,205,72,R,R
Cristhian Adames,217,71,B,R
Willy Adames,210,72,R,R
Jason Adam,229,75,R,R
Austin Adams,205,71,R,R
Austin Adams,220,75,R,R
Chance Adams,215,73,R,R
Lane Adams,190,76,R,R
Matt Adams,245,75,L,R
Riley Adams,249,76,R,R
Nathan Adcock,235,76,R,R
Jim Adduci,210,74,L,L
Jo Adell,215,75,R,R
Tim Adleman,225,77,R,R
Joan Adon,246,74,R,R
Ehire Adrianza,198,73,B,R
Jeremy Affeldt,225,76,L,L
Dario Agrazal,225,74,R,R
Jesus Aguilar,277,75,R,R
Miguel Aguilar,194,68,L,L
Ryan Aguilar,168,74,L,L
Nick Ahmed,201,74,R,R
Keegan Akin,235,71,L,L
Shogo Akiyama,182,72,L,R
R. J. Alaniz,220,76,R,R
Andrew Albers,200,73,R,L
Hanser Alberto,215,71,R,R
Matt Albers,225,73,L,R
Ozzie Albies,165,68,B,R
Al Alburquerque,195,72,R,R
Jorge Alcala,205,75,R,R
Arismendy Alcantara,170,70,B,R
Raul Alcantara,220,76,R,R
Sandy Alcantara,200,77,R,R
Sergio Alcantara,151,69,B,R
Victor Alcantara,190,74,R,R
Jason Alexander,200,75,R,R
Scott Alexander,195,74,L,L
Tyler Alexander,203,74,R,L
A. J. Alexy,195,76,R,R
Jorge Alfaro,230,75,R,R
Anthony Alford,215,73,R,R
Kolby Allard,195,73,L,L
Cam Alldred,205,75,L,L
Austin Allen,219,74,L,R
Cody Allen,210,73,R,R
Greg Allen,185,72,B,R
Logan Allen,200,75,R,L
Nick Allen,166,68,R,R
Nick Allgeyer,225,75,L,L
Abraham Almonte,223,70,B,R
Miguel Almonte,210,73,R,R
Yency Almonte,223,77,R,R
Albert Almora,190,74,R,R
Pete Alonso,253,74,R,R
Yonder Alonso,230,73,L,R
Dan Altavilla,226,71,R,R
Aaron Altherr,215,77,R,R
Jose Altuve,166,66,R,R
Dario Alvarez,170,73,L,L
Dariel Alvarez,180,74,R,R
Eddy Alvarez,185,69,L,R
Francisco Alvarez,242,70,R,R
Henderson Alvarez,205,72,R,R
Jose Alvarez,195,71,L,L
Jose Alvarado,240,72,L,L
Pedro Alvarez,250,75,L,R
R. J. Alvarez,238,73,R,R
Yordan Alvarez,225,77,L,R
Adbert Alzolay,208,73,R,R
Alexi Amarista,160,66,L,R
Trey Amburgey,210,74,R,R
Brett Anderson,230,76,L,L
Bryan Anderson,200,73,L,R
Brian Anderson,208,75,R,R
Chase Anderson,210,73,R,R
Cody Anderson,240,76,R,R
Drew Anderson,205,75,R,R
Ian Anderson,170,75,R,R
Justin Anderson,230,75,L,R
Nick Anderson,205,76,R,R
Shaun Anderson,228,78,R,R
Tanner Anderson,203,74,R,R
Tim Anderson,185,73,R,R
Tyler Anderson,220,74,L,L
Robert Andino,185,71,R,R
John Andreoli,218,73,R,R
Matt Andriese,215,74,R,R
Elvis Andrus,210,72,R,R
Miguel Andujar,211,72,R,R
Dean Anna,180,71,L,R
Dustin Antolin,230,74,R,R
Tejay Antone,230,76,R,R
Nori Aoki,180,69,L,R
Sherten Apostel,235,76,R,R
Mark Appel,220,77,R,R
Aristides Aquino,220,76,R,R
Jayson Aquino,225,73,L,L
Jonathan Aranda,210,72,L,R
Victor Arano,228,74,R,R
Elvis Araujo,275,79,L,L
Pedro Araujo,215,75,R,R
Jonathan Arauz,195,72,B,R
Chris Archer,195,74,R,R
Francisco Arcia,200,71,L,R
Orlando Arcia,187,72,R,R
Oswaldo Arcia,230,72,L,R
Nolan Arenado,215,74,R,R
J. P. Arencibia,210,73,R,R
Gabriel Arias,217,73,R,R
Joaquin Arias,185,73,R,R
Kohei Arihara,210,74,R,R
Rogelio Armenteros,244,73,R,R
Shawn Armstrong,225,74,R,R
Jonathan Aro,235,72,R,R
Randy Arozarena,185,71,R,R
Luis Arraez,175,70,L,R
Jake Arrieta,230,76,R,R
Bronson Arroyo,185,75,R,R
Christian Arroyo,210,73,R,R
Humberto Arteaga,160,73,R,R
Cody Asche,205,73,L,R
Aaron Ashby,181,74,R,L
Graham Ashcraft,240,74,L,R
Alec Asher,240,76,R,R
Nevin Ashley,245,73,R,R
Javier Assad,200,73,R,R
Barrett Astin,225,73,R,R
Willians Astudillo,225,69,R,R
Carlos Asuaje,160,68,L,R
Scott Atchison,200,74,R,R
Phillippe Aumont,265,79,L,R
Tyler Austin,220,74,R,R
Abiatal Avelino,210,72,R,R
Alex Avila,228,71,L,R
Luis Avilan,235,74,L,L
Pedro Avila,210,71,R,R
Mike Aviles,205,70,R,R
Dylan Axelrod,195,70,R,R
John Axford,234,77,R,R
Erick Aybar,195,70,B,R
Jose Azocar,181,71,R,R
Dakota Bacus,212,74,R,R
Akil Baddoo,214,73,L,L
Burke Badenhop,205,77,R,R
Harrison Bader,210,72,R,R
Ji Hwan Bae,185,73,L,R
Javier Báez,190,72,R,R
Michel Baez,220,80,R,R
Pedro Baez,232,72,R,R
Sandy Baez,219,74,R,R
Andrew Bailey,240,75,R,R
Brandon Bailey,195,70,R,R
Homer Bailey,223,76,R,R
Bryan Baker,245,78,R,R
Jeff Baker,220,74,R,R
Scott Baker,215,76,R,R
Alberto Baldonado,276,76,L,L
Collin Balester,190,76,R,R
Grant Balfour,200,74,R,R
Anthony Banda,220,74,L,L
Jett Bandy,235,76,R,R
Tanner Banks,210,73,R,L
Rylan Bannon,180,68,R,R
Manny Banuelos,215,70,R,L
Caleb Baragar,215,75,R,L
Johnny Barbato,231,73,R,R
Daniel Bard,215,76,R,R
Luke Bard,200,75,R,R
Luke Barker,230,75,R,R
Joe Barlow,210,74,R,R
Scott Barlow,210,75,R,R
Clint Barmes,200,73,R,R
Austin Barnes,187,70,R,R
Brandon Barnes,210,74,R,R
Charlie Barnes,190,74,L,L
Darwin Barney,180,70,R,R
Danny Barnes,215,73,L,R
Jacob Barnes,231,74,R,R
Matt Barnes,208,76,R,R
Tony Barnette,190,73,R,R
Tucker Barnhart,192,71,B,R
Steven Baron,205,72,R,R
Kyle Barraclough,229,75,R,R
Aaron Barrett,230,75,R,R
Franklin Barreto,208,70,R,R
Jake Barrett,240,76,R,R
Luis Barrera,195,72,L,L
Manny Barreda,195,71,R,R
Tres Barrera,215,72,R,R
Jaime Barria,210,73,R,R
Yhonathan Barrios,205,70,B,R
Joey Bart,238,74,R,R
Luis Alexander Basabe,180,72,B,R
Tyler Bashlor,195,72,R,R
Anthony Bass,205,74,R,R
Chris Bassitt,215,77,R,R
Antonio Bastardo,202,71,R,L
Matthew Batten,180,71,R,R
Brett Baty,211,75,L,R
Jake Bauers,195,73,L,L
Trevor Bauer,205,73,R,R
Buddy Baumann,198,71,L,L
Mike Baumann,235,76,R,R
Félix Bautista,190,77,R,R
Gerson Bautista,195,75,R,R
Jose Bautista,205,72,R,R
Rafael Bautista,194,74,R,R
Mike Baxter,205,72,L,R
Eduard Bazardo,165,72,R,R
Shane Baz,190,74,R,R
Brandon Beachy,220,74,R,R
Jeremy Beasley,235,74,R,R
Tony Beasley,165,68,R,R
Pedro Beato,230,78,R,R
Matt Beaty,215,72,L,R
Chris Beck,230,75,R,R
Gordon Beckham,188,72,R,R
Tim Beckham,215,72,R,R
David Bednar,250,73,L,R
Cam Bedrosian,225,73,R,R
Tyler Beede,216,74,R,R
Jalen Beeks,200,71,L,L
Dallas Beeler,225,77,R,R
Seth Beer,213,75,L,R
Joe Beimel,205,75,L,L
Matt Belisle,230,75,R,R
Ronald Belisario,240,75,R,R
Jeff Beliveau,190,73,L,L
Andrew Bellatti,190,73,R,R
Chad Bell,200,75,R,L
Cody Bellinger,203,76,L,L
Josh Bell,261,76,B,R
Brayan Bello,170,73,R,R
Brandon Belt,231,75,L,L
Adrian Beltre,220,71,R,R
Carlos Beltran,215,73,B,R
Anthony Bemboom,200,74,L,R
Anthony Bender,205,76,R,R
Andrew Benintendi,180,69,L,L
Wes Benjamin,210,74,R,L
Joaquin Benoit,250,76,R,R
Will Benson,230,77,L,L
James Beresford,170,73,L,R
Travis Bergen,223,73,L,L
Christian Bergman,195,73,R,R
Brennan Bernardino,180,76,L,L
Wynton Bernard,195,74,R,R
Doug Bernier,185,73,R,R
José Berríos,205,72,R,R
Quintin Berry,195,73,L,L
Jon Berti,190,70,R,R
Dellin Betances,265,80,R,R
Rafael Betancourt,215,74,R,R
Christian Bethancourt,205,75,R,R
Alec Bettinger,210,74,R,R
Chad Bettis,201,72,R,R
Mookie Betts,180,69,R,R
Terry Bevington,190,74,R,R
Joe Biagini,230,76,R,R
Jeff Bianchi,185,71,R,R
Austin Bibens-Dirkx,210,73,R,R
Bo Bichette,190,72,R,R
Phil Bickford,200,76,R,R
Jesse Biddle,220,77,L,L
Shane Bieber,200,75,R,R
Brandon Bielak,208,74,L,R
Cavan Biggio,200,74,L,R
Chad Billingsley,240,73,R,R
Greg Bird,220,75,L,R
Jake Bird,200,75,R,R
Kyle Bird,220,75,L,L
Braden Bishop,178,73,R,R
Ty Blach,215,73,R,L
Charlie Blackmon,221,75,L,L
Paul Blackburn,196,73,R,R
Ray Black,230,75,R,R
Aaron Blair,220,77,R,R
Carson Blair,210,74,R,R
Andres Blanco,192,70,B,R
Dairon Blanco,170,72,R,R
Gregor Blanco,187,70,L,L
Ronel Blanco,180,72,R,R
Alex Blandino,190,72,R,R
Kyle Blanks,265,78,R,R
Travis Blankenhorn,230,74,L,R
Joe Blanton,225,75,R,R
Jabari Blash,235,77,R,R
Michael Blazek,205,72,R,R
JJ Bleday,205,75,L,L
Jeremy Bleich,215,74,L,L
Richard Bleier,215,75,L,L
Jerry Blevins,182,76,L,L
Scott Blewett,245,78,R,R
Willie Bloomquist,200,71,R,R
Brett Bochy,200,74,R,R
Brennan Boesch,225,76,L,L
Xander Bogaerts,218,74,R,R
Brian Bogusevic,215,75,L,L
Alec Bohm,218,77,R,R
Ronald Bolanos,230,74,R,R
Mike Bolsinger,215,73,R,R
Skye Bolt,180,74,B,R
Emilio Bonifacio,200,70,B,R
Jorge Bonifacio,220,73,R,R
Lisalverto Bonilla,225,72,B,R
Julio Borbon,195,72,L,L
John Bormann,205,72,R,R
Ryan Borucki,210,76,L,L
Wilfredo Boscan,228,74,R,R
Buddy Boshers,222,75,L,L
Akeem Bostick,240,78,R,R
Christopher Bostick,200,70,R,R
David Bote,205,73,R,R
Sean Bouchard,215,75,R,R
Jason Bourgeois,195,69,R,R
Peter Bourjos,190,73,R,R
Justin Bour,270,76,L,R
Michael Bourn,190,71,L,R
James Bourque,215,76,R,R
Ben Bowden,249,76,L,L
Matthew Bowman,185,72,R,R
Brad Boxberger,211,70,R,R
Matt Boyd,223,75,L,L
Blaine Boyer,235,75,R,R
Brad Brach,215,78,R,R
Silvino Bracho,190,70,R,R
Chase Bradford,225,73,R,R
Kyle Bradish,220,76,R,R
Archie Bradley,215,76,R,R
Bobby Bradley,225,73,L,R
Jackie Bradley,196,70,L,R
Jed Bradley,225,75,L,L
Michael Brady,195,72,R,R
Michael Brantley,209,74,L,L
Rob Brantly,191,72,L,R
Matt Brash,173,73,R,R
Ryan Brasier,227,72,R,R
Steven Brault,195,72,L,L
Ryan Braun,205,74,R,R
Ben Braymer,212,74,L,L
Huascar Brazoban,155,75,R,R
John Brebbia,200,73,L,R
Alex Bregman,192,72,R,R
Brandon Brennan,207,76,R,R
Will Brennan,200,72,L,L
Bryce Brentz,215,72,R,R
Jake Brentz,205,73,L,L
Craig Breslow,190,72,L,L
Ryan Brett,180,69,B,R
Colten Brewer,222,76,R,R
Austin Brice,238,76,R,R
Jose Briceno,225,73,R,R
Jonah Bride,200,70,R,R
Parker Bridwell,185,76,R,R
Beau Brieske,200,75,R,R
Jake Brigham,210,75,R,R
Jeff Brigham,195,72,R,R
Reid Brignac,197,74,B,R
Lewis Brinson,212,77,R,R
Dave Bristol,175,71,R,R
Socrates Brito,205,74,L,L
Zack Britton,200,73,L,L
Mike Broadway,215,77,R,R
Connor Brogdon,205,78,R,R
Aaron Brooks,230,76,R,R
Mike Brosseau,205,70,R,R
Rex Brothers,205,72,L,L
Brooks Brown,205,75,L,R
Daren Brown,185,76,R,R
Domonic Brown,225,77,L,L
Hunter Brown,212,74,R,R
Seth Brown,223,73,L,L
Trevor Brown,193,74,R,R
Jonathan Broxton,285,76,R,R
Keon Broxton,200,75,R,R
JT Brubaker,185,75,R,R
Jay Bruce,230,75,L,L
Jaycob Brugman,190,72,L,L
Justin Bruihl,215,74,L,L
Vidal Brujan,180,70,B,R
Kris Bryant,230,77,R,R
Kris Bubic,225,75,L,L
David Buchanan,200,75,R,R
Jake Buchanan,232,72,R,R
Clay Buchholz,190,75,L,R
Ryan Buchter,230,76,L,L
Walker Buehler,185,74,R,R
Mark Buehrle,240,74,L,L
J. B. Bukauskas,208,72,R,R
Madison Bumgarner,257,76,R,L
Aaron Bummer,215,75,L,L
Dylan Bundy,225,73,B,R
Danny Burawa,220,75,R,R
Nick Burdi,225,75,R,R
Peyton Burdick,205,72,R,R
Zack Burdi,210,75,R,R
Jake Burger,230,74,R,R
Enrique Burgos,255,75,R,R
Brock Burke,210,76,L,L
Alec Burleson,212,74,L,L
A. J. Burnett,230,76,R,R
Corbin Burnes,225,75,R,R
Sean Burnett,185,71,L,L
Andy Burns,190,74,R,R
Billy Burns,170,69,B,R
Emmanuel Burriss,190,72,B,R
Beau Burrows,210,74,R,R
Ryan Burr,220,76,R,R
Matt Buschmann,205,75,R,R
Alan Busenitz,180,73,R,R
Matt Bush,180,69,R,R
Nick Buss,190,74,L,R
Drew Butera,212,73,R,R
Billy Butler,260,72,R,R
Dan Butler,210,70,R,R
Eddie Butler,180,74,R,R
Joey Butler,220,74,R,R
Brian Butterfield,175,72,B,R
Jose Butto,206,73,R,R
Ty Buttrey,240,78,L,R
Byron Buxton,190,74,R,R
Marlon Byrd,245,72,R,R
Cesar Cabral,250,75,L,L
Asdrubal Cabrera,235,72,B,R
Edward Cabrera,217,77,R,R
Everth Cabrera,190,70,B,R
Genesis Cabrera,180,74,L,L
Mauricio Cabrera,240,75,R,R
Melky Cabrera,210,70,B,L
Miguel Cabrera,267,76,R,R
Oswaldo Cabrera,200,72,B,R
Ramon Cabrera,195,68,B,R
Chino Cadahia,185,71,R,R
Trevor Cahill,223,76,R,R
Lorenzo Cain,214,74,R,R
Matt Cain,230,75,R,R
Kole Calhoun,205,70,L,L
Willie Calhoun,200,68,L,R
Orlando Calixte,183,72,R,R
Alberto Callaspo,210,68,B,R
Jamie Callahan,230,74,R,R
Alex Call,188,71,R,R
Dan Camarena,210,72,L,L
Johan Camargo,195,72,B,R
Daz Cameron,185,74,R,R
Arquimedes Caminero,245,76,R,R
Eric Campbell,215,75,R,R
Paul Campbell,210,72,L,R
Vicente Campos,230,75,R,R
Leonel Campos,215,74,R,R
Luis Campusano,232,71,R,R
Jeimer Candelario,216,73,B,R
Mark Canha,192,74,R,R
Griffin Canning,180,74,R,R
Robinson Cano,228,72,L,R
Yennier Cano,185,76,R,R
Conner Capel,185,73,L,L
Carter Capps,230,77,R,R
Vinny Capra,175,68,R,R
Chris Capuano,225,74,L,L
Matt Carasiti,205,74,R,R
Victor Caratini,215,73,B,R
Stephen Cardullo,215,72,R,R
Shane Carle,210,76,R,R
Dylan Carlson,205,74,B,L
Drew Carlton,215,73,R,R
Buddy Carlyle,210,75,L,R
Roberto Hernandez,270,76,R,R
David Carpenter,230,75,R,R
David Carpenter,180,75,R,R
Kerry Carpenter,220,74,L,R
Matt Carpenter,210,76,L,R
Ryan Carpenter,230,77,L,L
Carlos Carrasco,219,76,R,R
Ezequiel Carrera,185,71,L,L
Cody Carroll,230,77,R,R
Corbin Carroll,165,70,L,L
Scott Carroll,215,76,R,R
Chris Carter,245,76,R,R
Curt Casali,220,74,R,R
Triston Casas,252,76,L,R
Andrew Cashner,235,78,R,R
Daniel Castano,231,75,L,L
Humberto Castellanos,222,71,R,R
Nick Castellanos,203,76,R,R
Ryan Castellani,218,76,R,R
Diego Castillo,268,75,R,R
Diego Castillo,185,71,R,R
Erick Castillo,178,71,R,R
Fabio Castillo,235,73,R,R
Ivan Castillo,179,69,B,R
Jose Castillo,252,78,L,L
Luis Castillo,200,74,R,R
Luis Castillo,212,75,R,R
Max Castillo,280,74,R,R
Rusney Castillo,207,69,R,R
Welington Castillo,215,70,R,R
Wilkin Castillo,215,72,B,R
Angel Castro,240,71,R,R
Anthony Castro,185,74,R,R
Daniel Castro,201,71,R,R
Harold Castro,195,70,L,R
Jason Castro,215,75,L,R
Kervin Castro,185,72,R,R
Miguel Castro,201,79,R,R
Rodolfo Castro,205,72,B,R
Simon Castro,230,77,R,R
Starlin Castro,218,74,R,R
Willi Castro,206,73,B,R
Cade Cavalli,240,76,R,R
Jake Cave,200,72,L,L
Dylan Cease,195,74,R,R
Garin Cecchini,220,75,L,R
Gavin Cecchini,200,74,R,R
Brett Cecil,200,74,R,L
Darrell Ceciliani,220,73,L,L
Xavier Cedeno,210,71,L,L
Blake Cederlind,215,76,R,R
Gilberto Celestino,170,72,R,L
Juan Centeno,195,69,L,R
Francisco Cervelli,220,72,R,R
Hunter Cervenka,250,73,L,L
Yoenis Cespedes,225,71,R,R
Luis Cessa,208,72,R,R
Alejandro Chacin,204,72,R,R
Jhoulys Chacin,215,75,R,R
Andrew Chafin,235,74,R,L
Joba Chamberlain,245,75,R,R
Yu Chang,180,73,R,R
Aroldis Chapman,218,76,L,L
Kevin Chapman,230,75,L,L
Matt Chapman,215,72,R,R
J. T. Chargois,200,75,B,R
Tyler Chatwood,200,71,R,R
Jesse Chavez,175,73,R,R
Michael Chavis,190,70,R,R
Bruce Chen,215,74,L,L
Wei-Yin Chen,200,72,R,L
Robinson Chirinos,220,73,R,R
Yonny Chirinos,225,74,R,R
Lonnie Chisenhall,190,74,L,R
Jazz Chisholm Jr.,184,71,L,R
Randy Choate,205,73,L,L
Michael Choice,230,72,R,R
Ji-Man Choi,260,73,L,R
Shin-Soo Choo,205,71,L,L
Adam Cimber,195,75,R,R
Tony Cingrani,217,76,L,L
Pedro Ciriaco,180,72,R,R
Steve Cishek,220,78,R,R
Jose Cisnero,258,75,R,R
Nick Ciuffo,205,72,L,R
Aaron Civale,215,74,R,R
Preston Claiborne,225,74,R,R
Taylor Clarke,217,76,R,R
Emmanuel Clase,206,74,R,R
Alex Claudio,187,75,L,L
Sam Clay,238,75,L,L
Garrett Cleavinger,220,73,R,L
Ernie Clement,170,72,R,R
Kody Clemens,200,73,L,R
Paul Clemens,215,75,R,R
Steve Clevenger,210,70,L,R
Mike Clevinger,215,76,R,R
Tyler Clippard,200,75,R,R
Tyler Cloyd,210,75,R,R
Jason Coats,200,74,R,R
Alex Cobb,205,75,R,R
Kyle Cody,225,79,R,R
Chris Coghlan,195,72,L,R
Phil Coke,210,73,L,L
Chris Colabello,210,76,R,R
A. J. Cole,240,77,R,R
Gerrit Cole,220,76,R,R
Dusty Coleman,205,74,R,R
Dylan Coleman,230,77,R,R
Louis Coleman,205,76,R,R
Taylor Cole,200,73,R,R
Edwar Colina,240,71,R,R
Terry Collins,158,69,R,R
Tim Collins,166,67,L,L
Tyler Collins,215,71,L,L
Zack Collins,220,75,L,R
Josh Collmenter,240,75,R,R
Alex Colome,225,73,R,R
Bartolo Colon,285,71,R,R
Christian Colon,215,70,R,R
Joe Colon,180,72,R,R
Gerardo Concepcion,200,74,L,L
Michael Conforto,215,73,L,R
Hank Conger,220,74,B,R
Adam Conley,209,75,L,L
P. J. Conlon,192,71,L,L
Carlos Contreras,215,71,R,R
Mark Contreras,195,72,L,R
Roansy Contreras,175,72,R,R
Willson Contreras,225,73,R,R
William Contreras,180,72,R,R
Ryan Cook,227,73,R,R
Tim Cooney,195,75,L,L
Sam Coonrod,225,73,R,R
Garrett Cooper,235,77,R,R
Scott Copeland,220,75,R,R
Patrick Corbin,222,76,L,L
Daniel Corcino,215,71,R,R
Franchy Cordero,226,75,L,R
Jimmy Cordero,240,76,R,R
Ryan Cordell,200,76,R,R
Erik Cordier,215,76,R,R
Allen Cordoba,235,74,R,R
John Cornely,205,73,R,R
Carlos Corporan,240,74,B,R
Carlos Correa,220,76,R,R
Kevin Correia,200,75,R,R
Nestor Cortes,210,71,R,L
Jarred Cosart,206,75,R,R
Caleb Cotham,215,75,R,R
Jharel Cotton,200,71,R,R
Neal Cotts,200,74,L,L
Danny Coulombe,190,70,L,L
Ryan Court,210,74,R,R
Jake Cousins,185,76,R,R
Dylan Covey,215,73,R,R
Kaleb Cowart,225,75,B,R
Collin Cowgill,190,69,R,L
Zack Cozart,204,72,R,R
Dylan Cozens,245,78,L,L
Allen Craig,215,74,R,R
Will Craig,235,75,R,R
Tyler Cravy,220,74,R,R
Brandon Crawford,223,73,L,R
Carl Crawford,230,74,L,L
J. P. Crawford,202,74,L,R
Kutter Crawford,209,73,R,R
Stefan Crichton,208,75,R,R
Kyle Crick,225,76,L,R
Nabil Crismatt,220,73,R,R
Coco Crisp,185,70,B,R
Cooper Criswell,200,78,R,R
Garrett Crochet,230,78,L,L
Kyle Crockett,180,74,L,L
C.J. Cron,235,76,R,R
Jake Cronenworth,187,72,L,R
Kevin Cron,255,77,R,R
Narciso Crook,220,75,R,R
Hans Crouse,180,76,L,R
Wil Crowe,245,74,R,R
Fernando Cruz,205,74,B,R
Jesus Cruz,230,73,R,R
Nelson Cruz,230,74,R,R
Oneil Cruz,220,79,L,R
Rhiner Cruz,210,74,R,R
Tony Cruz,215,71,R,R
Jose Cuas,195,75,R,R
Michael Cuddyer,220,74,R,R
Johnny Cueto,229,71,R,R
Noel Cuevas,225,74,R,R
William Cuevas,215,74,B,R
Charlie Culberson,200,73,R,R
Brandon Cumpton,215,74,R,R
Brandon Cunniff,185,72,R,R
Todd Cunningham,205,72,B,R
Xzavion Curry,195,72,R,R
John Curtiss,220,77,R,R
Zac Curtis,190,69,L,L
Cheslor Cuthbert,205,73,R,R
Tyler Cyr,205,73,R,R
David Dahl,197,74,L,R
Bobby Dalbec,227,76,R,R
Tyler Danish,200,72,R,R
John Danks,210,73,L,L
Jordan Danks,220,77,L,R
Chase d'Arnaud,197,73,R,R
Travis d'Arnaud,210,74,R,R
Yu Darvish,220,77,R,R
Matt Davidson,230,75,R,R
Tucker Davidson,215,74,L,L
Kyle Davies,210,73,R,R
Zach Davies,180,72,R,R
Austin Davis,235,76,L,L
Brendon Davis,185,76,R,R
Chris Davis,255,76,L,R
Ike Davis,220,76,L,L
Jaylin Davis,205,71,R,R
J. D. Davis,222,73,R,R
Jonathan Davis,190,68,R,R
Johnny Davis,180,70,B,R
Khris Davis,205,71,R,R
Noah Davis,195,74,R,R
Rajai Davis,195,70,R,R
Rookie Davis,255,77,R,R
Taylor Davis,200,70,R,R
Wade Davis,225,77,R,R
Ronnie Dawson,217,74,L,R
Grant Dayton,210,74,L,L
Yonathan Daza,207,74,R,R
Austin Dean,215,72,R,R
Pat Dean,195,73,L,L
Alejandro De Aza,195,72,L,L
Cody Decker,218,71,R,R
Jaff Decker,190,69,L,L
Sam Deduno,210,75,R,R
Dean Deetz,189,73,R,R
Justin De Fratus,225,76,B,R
Tony DeFrancesco,190,71,R,R
Brett de Geus,190,74,R,R
Alex De Goti,192,72,R,R
Jacob deGrom,185,76,L,R
Greg Deichmann,205,74,L,R
Angel De Jesus,200,76,R,R
David DeJesus,190,71,L,L
Ivan De Jesus,200,71,R,R
Chase De Jong,230,76,L,R
Paul DeJong,205,72,R,R
Steve Delabar,215,77,R,R
Bryan De La Cruz,175,74,R,R
Joel De La Cruz,240,73,R,R
Jorge De La Rosa,215,73,L,L
Rubby De La Rosa,210,72,R,R
Jason Delay,200,71,R,R
Jose De Leon,220,72,R,R
Randall Delgado,220,76,R,R
Nick Delmonico,230,75,L,R
Abel De Los Santos,195,74,R,R
Enyel De Los Santos,235,75,R,R
Yerry De Los Santos,215,74,R,R
Miguel Del Pozo,205,73,L,L
Ben DeLuzio,200,75,R,R
Travis Demeritte,180,72,R,R
Matt den Dekker,210,74,L,L
Chris Denorfia,195,72,R,R
Jose De Paula,170,73,R,L
Matt Dermody,190,77,R,L
Daniel Descalso,190,70,L,R
Anthony DeSclafani,195,74,R,R
Delino DeShields,190,69,R,R
Ian Desmond,217,75,R,R
Odrisamer Despaigne,200,72,R,R
Reid Detmers,210,74,L,L
Ross Detwiler,210,77,R,L
Chris Devenski,211,75,R,R
Jose Devers,174,72,L,R
Rafael Devers,240,72,L,R
Scott Diamond,205,75,L,L
Aledmys Diaz,195,73,R,R
Alexis Díaz,224,74,R,R
Dayan Diaz,195,70,R,R
Edwin Díaz,207,75,R,R
Elias Diaz,223,73,R,R
Isan Diaz,201,71,L,R
Jairo Diaz,254,72,R,R
Jhonathan Diaz,170,72,L,L
Jonathan Diaz,155,69,R,R
Jordan Diaz,175,70,R,R
Jumbo Diaz,315,76,R,R
Lewin Diaz,217,76,L,L
Miguel Diaz,224,72,R,R
Yandy Díaz,215,74,R,R
Yainer Diaz,195,72,R,R
Yennsy Diaz,216,72,R,R
Yusniel Diaz,215,73,R,R
Alex Dickerson,226,74,L,L
Corey Dickerson,200,73,L,R
R. A. Dickey,215,75,R,R
Brandon Dickson,190,77,R,R
O'Koyea Dickson,220,71,R,R
Phillip Diehl,169,74,L,L
Jake Diekman,195,76,R,L
Derek Dietrich,205,74,L,R
Wilmer Difo,200,71,B,R
Nick Dini,191,69,R,R
Marcos Diplan,200,72,R,R
Brandon Dixon,215,74,R,R
Randy Dobnak,230,73,R,R
Kyle Dohy,202,74,L,L
Rafael Dolis,235,76,R,R
Chris Dominguez,235,76,R,R
Jose Dominguez,200,72,R,R
Matt Dominguez,220,74,R,R
Seranthony Domínguez,225,73,R,R
Josh Donaldson,210,73,R,R
Brendan Donovan,195,73,L,R
Sean Doolittle,227,74,L,L
Danny Dorn,200,74,L,L
Ryan Dorow,195,72,R,R
Felix Doubront,240,74,L,L
Camilo Doval,185,74,R,R
Kyle Dowdy,195,73,R,R
Jeter Downs,195,71,R,R
Tommy Doyle,244,78,R,R
Brian Dozier,200,71,R,R
Hunter Dozier,220,76,R,R
Kyle Drabek,205,74,R,R
Oliver Drake,220,76,R,R
Stephen Drew,220,72,L,R
Brandon Drury,230,74,R,R
Daniel Duarte,170,72,R,R
Mauricio Dubon,173,72,R,R
Lucas Duda,255,76,L,R
Brian Duensing,200,72,L,L
Tyler Duffey,220,75,R,R
Danny Duffy,205,75,L,L
Matt Duffy,190,74,R,R
Matt Duffy,215,75,R,R
Steven Duggar,187,73,L,R
Robert Dugger,198,72,R,R
Zach Duke,210,74,L,L
Ryan Dull,185,69,R,R
Joe Dunand,205,74,R,R
Dane Dunning,225,76,R,R
Justin Dunn,185,74,R,R
Mike Dunn,212,72,L,L
Jon Duplantier,229,76,L,R
Ezequiel Duran,185,71,R,R
Jarren Duran,212,74,L,R
Jhoan Duran,230,77,R,R
Montana DuRapau,190,70,R,R
Nick Duron,190,76,R,R
Adam Duvall,215,73,R,R
Allan Dykstra,215,77,L,R
Jarrod Dyson,165,69,L,R
Sam Dyson,212,73,R,R
Ryan Eades,210,74,R,R
Ed Easley,215,72,R,R
Adam Eaton,180,69,L,L
Nate Eaton,185,71,R,R
Dino Ebel,175,70,R,R
Josh Edgin,245,73,R,L
Tommy Edman,180,70,B,R
Carl Edwards,170,75,R,R
Jon Edwards,240,77,R,R
Scott Effross,202,74,R,R
Zach Eflin,220,78,R,R
Cody Ege,190,73,L,L
Brett Eibner,215,76,R,R
Jerad Eickhoff,246,76,R,R
Bryce Elder,220,74,R,R
Roenis Elias,205,73,L,L
Seth Elledge,240,75,R,R
Brian Ellington,215,75,R,R
A. J. Ellis,225,74,R,R
Chris Ellis,205,77,L,R
Drew Ellis,205,75,R,R
Jacoby Ellsbury,195,73,L,L
Jake Elmore,180,70,R,R
Kent Emanuel,225,76,L,L
Edwin Encarnacion,230,73,R,R
Jerar Encarnacion,250,76,R,R
Adam Engel,215,74,R,R
Dietrich Enns,210,73,L,L
Nathan Eovaldi,217,74,R,R
Robbie Erlin,200,71,R,L
Phil Ervin,207,70,R,R
Jake Esch,205,75,R,R
Alcides Escobar,205,73,R,R
Eduardo Escobar,199,70,B,R
Edwin Escobar,225,74,L,L
Luis Escobar,205,73,R,R
Yunel Escobar,215,74,R,R
Thomas Eshelman,225,74,R,R
Anderson Espinoza,208,72,R,R
Danny Espinosa,205,72,B,R
Paolo Espino,211,70,R,R
Raynel Espinal,215,75,R,R
Santiago Espinal,187,70,R,R
Carlos Estévez,277,78,R,R
Jeremiah Estrada,180,73,B,R
Marco Estrada,180,72,R,R
Thairo Estrada,185,70,R,R
Andre Ethier,210,74,L,L
Demarcus Evans,265,77,R,R
Phillip Evans,210,70,R,R
Dana Eveland,235,73,L,L
Bill Evers,190,70,R,R
Alex Faedo,225,77,R,R
Pete Fairbanks,225,78,R,R
Stuart Fairchild,205,72,R,R
Bailey Falter,175,76,R,L
Jeurys Familia,240,75,R,R
Johneshwy Fargas,180,73,R,R
Jake Faria,230,76,R,R
Buck Farmer,232,76,L,R
Kyle Farmer,205,72,R,R
Danny Farquhar,185,69,R,R
Luke Farrell,200,78,L,R
Calvin Faucher,190,73,R,R
Andrew Faulkner,205,75,R,L
Taylor Featherston,185,73,R,R
Erick Fedde,203,76,R,R
Tim Federowicz,215,70,R,R
Ryan Feierabend,225,75,L,L
Scott Feldman,225,78,L,R
Mario Feliciano,200,73,R,R
Michael Feliz,250,76,R,R
Neftali Feliz,235,75,R,R
Ryan Feltner,190,76,R,R
Caleb Ferguson,226,75,R,L
Freddy Fermin,200,70,R,R
Jose Fernandez,185,70,L,R
Jose Fernandez,170,75,L,L
Junior Fernandez,215,75,R,R
Julian Fernandez,233,78,R,R
Jeff Ferrell,205,76,R,R
Matt Festa,195,73,R,R
J. P. Feyereisen,215,74,R,R
Daniel Fields,225,74,L,R
Josh Fields,191,72,R,R
Johnny Field,195,70,R,R
Prince Fielder,275,71,L,R
Thomas Field,185,70,R,R
Casey Fien,210,74,R,R
Mike Fiers,211,74,R,R
Cole Figueroa,185,70,L,R
Heath Fillmyer,195,73,R,R
Brandon Finnegan,216,71,L,L
Kyle Finnegan,197,74,R,R
Derek Fisher,215,75,L,R
Nate Fisher,209,73,L,L
Jake Fishman,195,75,L,L
Doug Fister,210,80,L,R
Jay Flaa,225,75,R,R
Jack Flaherty,225,76,R,R
Ryan Flaherty,205,75,L,R
Yohan Flande,180,74,L,L
Josh Fleming,220,74,L,L
Aaron Fletcher,220,72,L,L
David Fletcher,185,69,R,R
Chris Flexen,219,75,R,R
Bernardo Flores,190,76,L,L
Kendry Flores,195,74,R,R
Ramon Flores,190,70,L,L
Wilmer Flores,213,74,R,R
Estevan Florial,195,73,L,R
Pedro Florimon,185,74,B,R
Dylan Floro,203,74,L,R
Tyler Flowers,260,76,R,R
Gavin Floyd,245,76,R,R
Brian Flynn,245,80,L,L
Jason Foley,215,76,R,R
Mike Foltynewicz,195,76,R,R
Nolan Fontana,195,71,L,R
Wilmer Font,255,76,R,R
Mike Ford,225,72,L,R
Logan Forsythe,195,73,R,R
Nick Fortes,198,71,R,R
Matt Foster,215,72,R,R
Dexter Fowler,205,77,B,R
Dustin Fowler,195,72,L,L
Lucius Fox,192,73,B,R
Jake Fraley,195,72,L,L
Bowden Francis,220,77,R,R
Enderson Franco,241,73,R,R
Jeff Francis,220,77,L,L
Jeff Francoeur,225,76,R,R
Maikel Franco,225,73,R,R
Ty France,215,71,R,R
Wander Franco,189,70,B,R
Kevin Frandsen,190,72,R,R
Nick Franklin,190,73,B,R
Seth Frankoff,206,77,R,R
Caleb Frare,225,72,L,L
Jason Frasor,180,69,R,R
Adam Frazier,181,70,L,R
Jackson Frazier,212,71,R,R
Todd Frazier,215,75,R,R
Kyle Freeland,204,76,L,L
Freddie Freeman,220,77,L,R
Mike Freeman,195,72,L,R
Sam Freeman,180,71,R,L
Tyler Freeman,190,72,R,R
David Freese,213,74,R,R
David Freitas,250,74,R,R
Carlos Frias,195,76,R,R
Luis Frias,245,75,R,R
Christian Friedrich,222,76,R,L
Max Fried,190,76,L,L
TJ Friedl,180,70,L,L
Ernesto Frieri,205,72,R,R
Eric Fryer,215,74,R,R
Jace Fry,209,73,L,L
Paul Fry,205,72,L,L
Joshua Fuentes,209,74,R,R
Rey Fuentes,160,72,L,L
Kyuji Fujikawa,190,72,L,R
Sam Fuld,180,69,L,L
Carson Fulmer,210,72,R,R
Michael Fulmer,224,75,R,R
Kyle Funkhouser,229,75,R,R
Charlie Furbush,215,77,L,L
Hunter Gaddis,260,78,R,R
Matt Gage,265,75,L,L
Drew Gagnon,215,76,R,R
Matt Galante,157,66,R,R
Rocky Gale,185,73,R,R
Cam Gallagher,230,75,R,R
Yovani Gallardo,205,74,R,R
Giovanny Gallegos,215,74,R,R
Zac Gallen,189,74,R,R
Isaac Galloway,205,74,R,R
Joey Gallo,250,77,L,R
Freddy Galvis,190,70,B,R
Eddie Gamboa,215,73,R,R
Ben Gamel,180,71,L,L
John Gant,200,76,R,R
Frank Garces,175,71,L,L
Adonis Garcia,205,69,R,R
Adolis García,205,73,R,R
Aramis Garcia,228,73,R,R
Avisail Garcia,250,76,R,R
Bryan Garcia,205,73,R,R
Deivi Garcia,163,69,R,R
Dermis Garcia,200,75,R,R
Edgar Garcia,205,73,R,R
Greg Garcia,200,72,L,R
Santiago Casilla,210,72,R,R
Jaime Garcia,215,74,L,L
Jason Garcia,185,72,R,R
Jarlin Garcia,210,75,L,L
Jose Barrero,175,74,R,R
Leury Garcia,190,68,B,R
Luis Garcia,240,74,R,R
Luis Garcia,212,74,L,R
Luis García,244,73,R,R
Maikel Garcia,145,72,R,R
Onelki Garcia,225,75,L,L
Rico Garcia,201,69,R,R
Robel Garcia,195,72,B,R
Rony Garcia,200,75,R,R
Willy Garcia,215,74,R,R
Yimi Garcia,230,73,R,R
Nick Gardewine,179,73,R,R
Brett Gardner,195,71,L,L
Kyle Garlick,210,73,R,R
Dustin Garneau,205,74,R,R
Perci Garner,225,75,R,R
Amir Garrett,239,77,R,L
Braxton Garrett,202,74,R,L
Reed Garrett,196,74,R,R
Stone Garrett,195,74,R,R
Ryan Garton,190,70,R,R
Mitch Garver,220,73,R,R
Justin Garza,170,70,R,R
Matt Garza,220,76,R,R
Ralph Garza,220,74,R,R
Evan Gattis,270,76,R,R
Kevin Gausman,205,74,L,R
Sam Gaviglio,215,73,R,R
Cory Gearrin,205,73,R,R
Dillon Gee,205,73,R,R
Steve Geltz,210,70,R,R
Scooter Gennett,185,70,L,R
Craig Gentry,190,74,R,R
Joey Gerber,212,76,R,R
Mike Gerber,183,72,L,R
Domingo German,181,74,R,R
Franklin German,195,74,R,R
Gonzalez Germen,200,73,R,R
Trent Giambrone,175,68,R,R
Johnny Giavotella,185,68,R,R
Ian Gibaut,250,75,R,R
Kyle Gibson,215,78,R,R
Logan Gilbert,215,78,R,R
Tyler Gilbert,223,75,L,L
Lucas Gilbreath,185,73,L,L
Ken Giles,197,75,R,R
Conor Gillaspie,195,73,L,R
Logan Gillaspie,220,74,R,R
Cole Gillespie,215,74,R,R
Pat Gillick,185,73,L,L
Luis Gil,185,74,R,R
Sean Gilmartin,205,74,L,L
Andrés Giménez,161,71,L,R
Chris Gimenez,230,74,R,R
Kevin Ginkel,235,76,L,R
Lucas Giolito,245,78,R,R
Chad Girodo,190,73,L,L
Chris Gittens,250,76,R,R
Mychal Givens,239,72,R,R
Tyler Glasnow,225,80,L,R
Koda Glover,215,77,R,R
Zack Godley,250,75,R,R
Jose Godoy,200,71,L,R
Erik Goeddel,191,75,R,R
Tyler Goeddel,180,76,R,R
David Goforth,205,71,R,R
Luiz Gohara,265,75,L,L
Ryan Goins,180,70,L,R
Brad Goldberg,220,76,R,R
Paul Goldschmidt,220,75,R,R
Austin Gomber,220,77,L,L
Brandon Gomes,190,71,R,R
Jonny Gomes,230,73,R,R
Yan Gomes,212,74,R,R
Carlos Gomez,220,75,R,R
Hector Gomez,195,75,R,R
Jeanmar Gomez,215,75,R,R
Miguel Gomez,206,69,B,R
Roberto Gomez,200,78,R,R
Stephen Gonsalves,215,77,L,L
Tony Gonsolin,205,75,R,R
Adrian Gonzalez,215,74,L,L
Alfredo Gonzalez,220,72,R,R
Carlos Gonzalez,220,73,L,L
Chi Chi Gonzalez,210,75,R,R
Erik Gonzalez,205,75,R,R
Fredi Gonzalez,190,73,R,R
Gio Gonzalez,205,72,R,L
Luis Gonzalez,185,73,L,L
Marwin Gonzalez,205,73,B,R
Marco Gonzales,205,73,L,L
Merandy Gonzalez,216,72,R,R
Miguel Gonzalez,180,73,R,R
Oscar Gonzalez,240,76,R,R
Romy Gonzalez,215,73,R,R
Severino Gonzalez,155,74,R,R
Victor Gonzalez,180,72,L,L
Niko Goodrum,215,75,B,R
Brian Goodwin,205,72,L,R
Nick Goody,200,71,R,R
Alex Gordon,220,73,L,R
Dee Strange-Gordon,166,71,L,R
Nick Gordon,160,72,L,R
MacKenzie Gore,197,74,L,L
Terrance Gore,160,67,R,R
Nolan Gorman,210,73,L,R
Tom Gorzelanny,218,75,R,L
Anthony Gose,200,72,L,L
Tuffy Gosewisch,185,71,R,R
Daniel Gossett,185,72,R,R
Philip Gosselin,188,73,R,R
Trevor Gott,182,70,R,R
Ashton Goudeau,220,78,R,R
Yuli Gurriel,215,72,R,R
Matt Grace,215,76,L,L
J. R. Graham,195,71,R,R
Curtis Granderson,200,73,L,R
Yasmani Grandal,225,74,B,R
Zach Granite,185,73,L,L
Brusdar Graterol,265,73,R,R
Juan Graterol,225,73,R,R
Brett Graves,170,73,R,R
Kendall Graveman,200,74,R,R
Jon Gray,225,76,R,R
Josiah Gray,199,73,R,R
Sonny Gray,195,70,R,R
Chad Green,215,75,L,R
Conner Greene,195,76,R,R
Grant Green,180,75,R,R
Hunter Greene,230,77,R,R
Nick Greenwood,180,73,R,L
Riley Greene,200,75,L,L
Shane Greene,200,76,R,R
Zach Green,224,74,R,R
Luke Gregerson,205,75,L,R
Kevin Gregg,245,78,R,R
Didi Gregorius,205,75,L,R
Grayson Greiner,238,78,R,R
Zack Greinke,200,74,R,R
Randal Grichuk,216,74,R,R
A. J. Griffin,230,77,R,R
Foster Griffin,225,75,R,L
Jason Grilli,235,77,R,R
Justin Grimm,210,75,R,R
Trent Grisham,224,71,L,L
Vaughn Grissom,210,75,R,R
Jordan Groshans,200,75,R,R
Robbie Grossman,209,72,B,L
Zac Grotz,195,74,R,R
Michael Grove,200,75,R,R
Deivy Grullon,240,71,R,R
Robert Gsellman,200,76,R,R
Mayckol Guaipe,235,76,R,R
Reymin Guduan,205,76,L,L
Sean Guenther,194,71,L,L
Alex Guerrero,220,73,R,R
Deolis Guerra,245,77,R,R
Gabriel Guerrero,215,75,R,R
Javy Guerra,215,73,R,R
Javy Guerra,185,72,L,R
Junior Guerra,235,72,R,R
Tayron Guerrero,225,80,R,R
Taylor Guerrieri,225,75,R,R
Vladimir Guerrero Jr.,240,74,R,R
Taylor Guilbeau,187,76,L,L
Luis Guillorme,209,69,L,R
Preston Guilmet,200,74,R,R
Jason Gurka,170,72,L,L
Lourdes Gurriel Jr.,215,76,R,R
Taylor Gushue,224,73,B,R
Jandel Gustave,220,75,R,R
Dalton Guthrie,160,71,R,R
Jeremy Guthrie,205,73,R,R
Franklin Gutierrez,200,74,R,R
Kelvin Gutierrez,215,74,R,R
Vladimir Gutierrez,190,73,R,R
Brandon Guyer,210,74,R,R
Jorge Guzman,246,73,R,R
Ronald Guzman,235,77,L,L
Jedd Gyorko,205,70,R,R
Eric Haase,210,70,R,R
Josh Hader,180,75,L,L
Nick Hagadone,230,77,L,L
Jake Hager,170,73,R,R
Sam Haggerty,175,71,B,R
Matt Hague,225,75,R,R
Jesse Hahn,205,77,R,R
David Hale,210,74,R,R
DeMarlo Hale,185,74,R,R
Justin Haley,230,77,L,R
Cody Hall,235,76,R,R
Darick Hall,232,76,L,R
DL Hall,195,74,L,L
Matt Hall,200,72,L,L
Cole Hamels,205,76,L,L
Billy Hamilton,160,72,B,R
Caleb Hamilton,185,72,R,R
Ian Hamilton,200,73,R,R
Josh Hamilton,240,76,L,L
Jason Hammel,225,78,R,R
J. D. Hammer,202,75,R,R
Garrett Hampson,196,71,R,R
Justin Hancock,185,76,R,R
Brad Hand,224,75,L,L
Donovan Hand,238,75,R,R
Eric Hanhold,210,77,R,R
Mitch Haniger,214,74,R,R
Ryan Hanigan,225,72,R,R
Jacob Hannemann,200,73,L,L
Alen Hanson,170,72,B,R
Ian Happ,205,72,B,R
J. A. Happ,205,77,L,L
Aaron Harang,260,79,R,R
Blaine Hardy,218,74,L,L
J. J. Hardy,200,73,R,R
Dan Haren,215,77,R,R
Bryce Harper,210,75,L,R
Ryne Harper,217,75,R,R
Lucas Harrell,205,74,B,R
Josh Harrison,190,68,R,R
Matt Harrison,240,76,L,L
Mitch Harris,240,76,R,R
Michael Harris II,195,72,L,L
Monte Harrison,225,75,R,R
Will Harris,234,76,R,R
Corey Hart,240,78,R,R
Donnie Hart,180,71,L,L
John Hart,185,73,R,R
Kyle Hart,200,77,L,L
Geoff Hartlieb,240,77,R,R
Ryan Hartman,234,75,L,L
Hunter Harvey,225,74,R,R
Joe Harvey,236,74,R,R
Matt Harvey,220,76,R,R
Adam Haseley,190,73,L,L
Chris Hatcher,200,73,B,R
Thomas Hatch,195,73,R,R
Steve Hathaway,185,73,L,L
Marcus Hatley,220,77,R,R
Mike Hauschild,210,75,R,R
LaTroy Hawkins,220,77,R,R
Brett Hayes,210,73,R,R
Drew Hayes,205,73,R,R
Ke'Bryan Hayes,205,70,R,R
Austin Hays,205,72,R,R
Jeremy Hazelbaker,190,75,L,R
Chase Headley,215,74,B,R
Louis Head,180,73,R,R
Ryon Healy,230,76,R,R
Andrew Heaney,200,74,L,L
Taylor Hearn,230,78,L,L
Jonathan Heasley,225,75,R,R
Nick Heath,190,73,L,L
Slade Heathcott,205,73,L,L
Adeiny Hechavarria,195,72,R,R
Austin Hedges,223,73,R,R
Jonah Heim,220,76,B,R
Scott Heineman,220,73,R,R
Tyler Heineman,190,70,B,R
Chris Heisey,220,73,R,R
Ben Heller,210,75,R,R
Jeremy Hellickson,190,73,R,R
Ryan Helsley,230,74,R,R
Heath Hembree,220,76,R,R
Gunnar Henderson,210,74,L,R
Jim Henderson,220,77,L,R
Kyle Hendricks,190,75,R,R
Liam Hendriks,235,72,R,R
Ryan Hendrix,215,75,R,R
Ronny Henriquez,155,70,R,R
Payton Henry,215,74,R,R
Tommy Henry,205,75,L,L
David Hensley,190,78,R,R
Sam Hentges,245,78,L,L
Guillermo Heredia,195,70,R,L
Jimmy Herget,170,75,R,R
Kevin Herget,185,70,L,R
Michael Hermosillo,205,72,R,R
Ariel Hernandez,230,76,R,R
Carlos Hernandez,245,76,R,R
Cesar Hernandez,183,70,B,R
David Hernandez,245,75,R,R
Darwinzon Hernandez,255,74,L,L
Elieser Hernandez,214,72,R,R
Elier Hernandez,197,75,R,R
Enrique Hernandez,190,71,R,R
Felix Hernandez,220,75,R,R
Gorkys Hernandez,196,73,R,R
Jonathan Hernandez,190,75,R,R
Marco Hernandez,210,72,L,R
Oscar Hernandez,230,73,R,R
Teoscar Hernández,215,74,R,R
Yadiel Hernandez,197,70,L,R
Yonny Hernandez,140,69,B,R
Dilson Herrera,210,70,R,R
Elian Herrera,205,71,B,R
Ivan Herrera,220,71,R,R
Jonathan Herrera,180,69,B,R
Jose Herrera,217,70,B,R
Kelvin Herrera,220,70,R,R
Odubel Herrera,200,71,L,R
Ronald Herrera,185,71,R,R
Rosell Herrera,180,75,B,R
Chris Herrmann,200,72,L,R
Frank Herrmann,220,76,L,R
David Hess,215,73,R,R
Keith Hessler,244,76,L,L
Chris Heston,195,75,R,R
Codi Heuer,200,77,R,R
Jason Heyward,240,77,L,L
Brewer Hicklen,208,74,R,R
Aaron Hicks,205,73,B,R
John Hicks,230,74,R,R
Jordan Hicks,220,74,R,R
Kyle Higashioka,202,73,R,R
P. J. Higgins,195,70,R,R
Trevor Hildenberger,205,74,R,R
Aaron Hill,200,71,R,R
Cam Hill,200,73,R,R
Derek Hill,190,74,R,R
Garrett Hill,185,72,R,R
Sam Hilliard,236,77,L,L
Trey Hillman,168,71,R,R
Rich Hill,221,77,L,L
Taylor Hill,230,75,R,R
Tim Hill,200,76,R,L
Dalier Hinojosa,230,73,R,R
Yoshihisa Hirano,185,73,R,R
Keston Hiura,202,72,R,R
Sean Hjelle,228,83,R,R
Luke Hochevar,225,77,R,R
Bryan Hoeing,210,78,R,R
Nico Hoerner,200,73,R,R
L. J. Hoes,200,72,R,R
Jeff Hoffman,235,77,R,R
Bryan Holaday,203,72,R,R
Colin Holderman,225,79,R,R
Jonathan Holder,232,74,R,R
Derek Holland,223,74,B,L
Greg Holland,210,70,R,R
Matt Holliday,240,76,R,R
Gavin Hollowell,215,79,R,R
Jordan Holloway,230,78,R,R
David Holmberg,245,75,R,L
Clay Holmes,245,77,R,R
Brock Holt,180,68,L,R
Tyler Holton,200,74,L,L
Tyler Holt,190,70,R,R
Brent Honeywell,195,74,R,R
Destin Hood,205,74,R,R
J. J. Hoover,240,75,R,R
Rhys Hoskins,245,76,R,R
Eric Hosmer,226,76,L,L
Tanner Houck,230,77,R,R
Adrian Houser,222,75,R,R
T. J. House,205,73,R,L
Ryan Howard,250,76,L,L
Sam Howard,195,76,R,L
Spencer Howard,210,75,R,R
J. P. Howell,180,72,L,L
Jared Hoying,205,75,L,R
James Hoyt,230,78,R,R
Wei-Chieh Huang,175,74,R,R
Chih-Wei Hu,243,73,R,R
Daniel Hudson,215,75,R,R
Dakota Hudson,215,77,R,R
Joe Hudson,210,72,R,R
Tim Hudson,175,73,R,R
David Huff,210,73,B,L
Chad Huffman,215,73,R,R
Sam Huff,240,77,R,R
Brandon Hughes,225,74,B,L
Jared Hughes,240,79,R,R
Phil Hughes,240,77,R,R
Danny Hultzen,210,75,L,L
Cooper Hummel,198,70,B,R
Nick Hundley,203,72,R,R
Cedric Hunter,200,71,L,L
Torii Hunter,220,74,R,R
Tommy Hunter,250,75,R,R
Jason Hursh,210,74,R,R
Scott Hurst,175,70,L,R
Drew Hutchison,215,75,L,R
Jae-gyun Hwang,215,72,R,R
Brandon Hyde,210,75,R,R
Colt Hynes,200,71,L,L
Chris Iannetta,230,72,R,R
Andy Ibanez,205,71,R,R
Edgar Ibarra,190,72,L,L
Jose Iglesias,195,71,R,R
Raisel Iglesias,190,74,R,R
Ender Inciarte,190,71,L,L
Jonathan India,200,72,R,R
Greg Infante,200,73,R,R
Omar Infante,195,71,R,R
Hernan Iribarren,202,73,L,R
Cole Irvin,217,76,L,L
Kyle Isbel,190,71,L,R
Travis Ishikawa,220,75,L,L
Tyler Ivey,195,76,R,R
Hisashi Iwakuma,210,75,R,R
Alex Jackson,215,74,R,R
Andre Jackson,210,75,R,R
Austin Jackson,198,73,R,R
Drew Jackson,200,74,R,R
Edwin Jackson,215,74,R,R
Jay Jackson,195,73,R,R
Luke Jackson,210,74,R,R
Ryan Jackson,180,74,R,R
Zach Jackson,230,76,R,R
Juan Jaime,250,74,R,R
Drey Jameson,165,72,R,R
Josh James,234,75,R,R
Paul Janish,200,74,R,R
Jordan Jankowski,225,73,R,R
Travis Jankowski,183,75,L,R
Mickey Jannis,195,69,R,R
Danny Jansen,215,74,R,R
Kenley Jansen,265,77,B,R
Casey Janssen,210,76,R,R
John Jaso,202,74,L,R
Dave Jauss,170,71,,
Cristian Javier,213,73,R,R
Griffin Jax,195,74,R,R
Myles Jaye,170,75,B,R
Jon Jay,200,71,L,L
Daulton Jefferies,182,72,L,R
Ryan Jeffers,235,76,R,R
Jeremy Jeffress,205,72,R,R
Chad Jenkins,230,76,R,R
Tyrell Jenkins,180,76,R,R
Dan Jennings,215,75,L,L
Desmond Jennings,210,74,R,R
Kyle Jensen,255,75,R,L
Kevin Jepsen,235,75,R,R
Williams Jerez,210,76,L,L
Jake Jewell,217,74,R,R
Trent Jewett,195,74,R,R
A. J. Jimenez,195,72,R,R
Cesar Jimenez,215,72,L,L
Dany Jimenez,182,73,R,R
Eduardo Jimenez,215,74,R,R
Eloy Jiménez,240,76,R,R
Joe Jimenez,277,75,R,R
Luis Jimenez,205,73,R,R
Ubaldo Jimenez,221,77,R,R
Connor Joe,205,72,R,R
Brian Johnson,250,75,L,L
Bryce Johnson,195,73,B,R
Chris Johnson,225,75,R,R
Dan Johnson,210,74,L,R
Daniel Johnson,200,70,L,L
DJ Johnson,230,76,L,R
Erik Johnson,230,75,R,R
Jim Johnson,250,78,R,R
Kelly Johnson,200,73,L,R
Micah Johnson,210,72,L,R
Pierce Johnson,202,74,R,R
Reed Johnson,185,70,R,R
Sherman Johnson,190,70,L,R
Steve Johnson,220,73,R,R
Adam Jones,215,74,R,R
Damon Jones,233,77,L,L
Garrett Jones,235,77,L,L
James Jones,205,75,L,L
JaCoby Jones,211,74,R,R
Jahmai Jones,210,72,R,R
Nate Jones,230,77,R,R
Nolan Jones,195,76,L,R
Ryder Jones,221,74,L,R
Taylor Jones,230,79,R,R
Taylor Jordan,210,77,R,R
Felix Jorge,178,74,R,R
Caleb Joseph,205,75,R,R
Corban Joseph,185,72,L,R
Tommy Joseph,255,73,R,R
Matt Joyce,194,74,L,R
Aaron Judge,282,79,R,R
Josh Jung,214,74,R,R
Taylor Jungmann,210,78,R,R
Jakob Junis,220,75,R,R
Janson Junk,177,73,R,R
Ariel Jurado,240,74,R,R
Kevin Kaczmarski,192,72,L,R
Tommy Kahnle,230,73,R,R
Ryan Kalish,215,72,L,L
Rob Kaminsky,195,72,R,L
Jung Ho Kang,210,72,R,R
James Kaprielian,225,75,R,R
James Karinchak,215,75,R,R
Nate Karns,225,75,R,R
Gosuke Katoh,200,73,L,R
Munenori Kawasaki,175,71,L,R
Anthony Kay,225,72,L,L
Sean Kazmar,185,70,R,R
Scott Kazmir,185,72,L,L
Keone Kela,220,73,R,R
Jarred Kelenic,206,73,L,L
Brad Keller,255,77,R,R
Kyle Keller,205,76,R,R
Mitch Keller,220,74,R,R
Shawn Kelley,237,74,R,R
Trevor Kelley,210,74,R,R
Casey Kelly,215,75,R,R
Carson Kelly,212,74,R,R
Don Kelly,215,76,L,R
Joe Kelly,174,73,R,R
Merrill Kelly,202,74,R,R
Michael Kelly,185,76,R,R
Ryan Kelly,180,74,R,R
Ty Kelly,180,72,B,R
Zack Kelly,205,75,R,R
Matt Kemp,225,76,R,R
Tony Kemp,160,66,L,R
Howie Kendrick,225,71,R,R
Kyle Kendrick,220,75,R,R
Brett Kennedy,200,72,R,R
Buddy Kennedy,190,73,R,R
Ian Kennedy,210,72,R,R
Kevin Kennedy,195,74,R,R
Logan Kensing,190,73,R,R
Max Kepler,225,76,L,L
Ray Kerr,185,75,L,L
Clayton Kershaw,225,76,L,L
Dallas Keuchel,205,74,L,L
Mike Kickham,220,76,L,L
Carter Kieboom,220,74,R,R
Spencer Kieboom,210,72,R,R
Dean Kiekhefer,175,72,L,L
Kevin Kiermaier,210,73,L,R
Yusei Kikuchi,205,72,L,L
Caleb Kilian,180,76,R,R
Franklyn Kilome,175,78,R,R
Craig Kimbrel,215,71,R,R
Ha-Seong Kim,168,69,R,R
Hyun Soo Kim,210,74,L,R
Kwang Hyun Kim,195,74,L,L
Isiah Kiner-Falefa,190,71,R,R
Scott Kingery,180,70,R,R
Nick Kingham,235,77,R,R
John King,215,74,L,L
Michael King,210,75,R,R
Tyler Kinley,220,76,R,R
Ian Kinsler,200,72,R,R
Brandon Kintzler,200,70,R,R
Jason Kipnis,200,71,L,R
George Kirby,215,76,R,R
Alex Kirilloff,215,73,L,L
Alejandro Kirk,245,68,R,R
Michael Kirkman,215,76,L,L
Andrew Kittredge,230,73,R,R
Patrick Kivlehan,211,74,R,R
Phil Klein,255,79,R,R
Branden Kline,210,75,R,R
Gabe Klobosits,254,80,L,R
Corey Kluber,215,76,R,R
Andrew Knapp,189,73,B,R
Corey Knebel,224,75,R,R
Reiss Knehr,205,74,L,R
Dusten Knight,200,72,R,R
Andrew Knizner,225,73,R,R
Guido Knudson,185,73,R,R
Matt Koch,215,75,L,R
Tom Koehler,235,74,R,R
Jared Koenig,245,77,R,L
Brody Koerner,220,74,R,R
Michael Kohn,200,74,R,R
Adam Kolarek,215,75,L,L
Mark Kolozsvary,180,68,R,R
George Kontos,225,75,R,R
Michael Kopech,210,75,R,R
Jackson Kowar,200,77,R,R
Pete Kozma,190,72,R,R
Kevin Kramer,195,72,L,R
Max Kranick,220,75,R,R
Erik Kratz,250,76,R,R
Marc Krauss,245,74,L,R
Joey Krehbiel,240,75,R,R
Ryan Kreidler,208,76,R,R
Dean Kremer,200,74,R,R
Brooks Kriske,190,75,R,R
Jason Krizan,185,72,L,R
Ian Krol,210,73,L,L
Jack Kruger,195,73,R,R
Kyle Kubitza,210,75,L,R
Chad Kuhl,205,75,R,R
Joel Kuhnel,280,76,R,R
Steven Kwan,170,69,L,L
Jairo Labourt,234,77,L,L
John Lackey,235,78,R,R
Tyler Ladendorf,195,71,R,R
A. J. Ladwig,220,77,R,R
Aaron Laffey,190,71,L,L
Bobby LaFromboise,225,76,L,L
Juan Lagares,219,74,R,R
Brady Lail,200,74,R,R
Gerald Laird,230,73,R,R
Junior Lake,230,74,R,R
Travis Lakins,220,73,R,R
Blake Lalli,210,73,L,R
Ryan LaMarre,215,73,R,L
Jimmy Lambert,190,74,R,R
Peter Lambert,208,74,R,R
Jake Lamb,215,75,L,R
John Lamb,205,76,L,L
Andrew Lambo,220,75,L,L
Dinelson Lamet,228,75,R,R
Alex Lange,202,75,R,R
Shea Langeliers,205,72,R,R
Trevor Larnach,223,76,L,R
Adam LaRoche,205,74,L,L
Jack Larsen,195,73,L,L
Tommy La Stella,180,71,L,R
Mat Latos,245,78,R,R
Jake Latz,185,74,R,L
Eric Lauer,228,75,R,L
Ramon Laureano,203,71,R,R
Ryan Lavarnway,239,75,R,R
Bryan Lavastida,200,72,R,R
Derek Law,225,75,R,R
Casey Lawrence,170,72,R,R
Justin Lawrence,213,75,R,R
Brett Lawrie,210,72,R,R
Tommy Layne,195,74,L,L
Raudel Lazo,180,69,L,L
Mike Leake,165,70,R,R
Jack Leathersich,205,71,R,L
Charles Leblanc,195,75,R,R
Wade LeBlanc,195,74,L,L
José Leclerc,195,72,R,R
Sam LeCure,210,72,R,R
Braxton Lee,185,70,L,R
C. C. Lee,190,71,R,R
Dae-ho Lee,250,76,R,R
Dylan Lee,214,75,L,L
Evan Lee,210,73,L,L
Khalil Lee,220,71,L,L
Korey Lee,210,74,R,R
Zach Lee,195,75,R,R
Brandon Leibrandt,190,76,L,L
Mark Leiter,210,72,R,R
DJ LeMahieu,220,76,R,R
Jacob Lemoine,220,77,R,R
Arnold Leon,210,73,R,R
Arcenio Leon,222,75,R,R
Dominic Leone,215,70,R,R
Sandy Leon,235,70,B,R
Jon Lester,249,76,L,L
Josh Lester,180,75,L,R
Artie Lewicki,195,75,R,R
Colby Lewis,240,76,R,R
Kyle Lewis,222,76,R,R
Royce Lewis,200,74,R,R
Domingo Leyba,205,71,B,R
Robinson Leyer,185,74,R,R
Jim Leyland,175,71,R,R
Nick Leyva,165,71,R,R
Adam Liberatore,243,75,L,L
Luis Liberato,175,73,L,L
Matthew Liberatore,200,76,L,L
Pat Light,220,77,R,R
Tim Lincecum,170,71,L,R
Adam Lind,195,74,L,L
Josh Lindblom,240,76,R,R
Jacob Lindgren,195,71,R,L
Francisco Lindor,190,71,B,R
Tzu-Wei Lin,180,69,L,R
Francisco Liriano,220,75,L,L
Rymer Liriano,230,72,R,R
Zack Littell,220,76,R,R
Brendon Little,195,74,L,L
Grady Little,175,71,R,R
Ben Lively,190,76,R,R
Radhames Liz,200,74,R,R
Mauricio Llovera,224,71,R,R
Kyle Lloyd,220,76,R,R
Jonathan Loaisiga,165,71,R,R
Jose Lobaton,212,73,B,R
Kyle Lobstein,220,75,L,L
Tim Locastro,200,73,R,R
Walker Lockett,225,77,R,R
Jeff Locke,200,72,L,L
Nick Lodolo,205,78,L,L
Adam Loewen,245,78,L,L
Boone Logan,215,77,R,L
Zach Logue,165,72,L,L
Kyle Lohse,215,74,R,R
Ryan Lollis,190,73,L,L
Steve Lombardozzi,195,71,B,R
James Loney,235,75,L,L
Evan Longoria,213,73,R,R
Sam Long,185,73,L,L
Shed Long,184,68,L,R
Christian Lopes,211,72,R,R
Tim Lopes,180,71,R,R
Alejo Lopez,170,70,B,R
Javier Lopez,220,76,L,L
Jack Lopez,160,70,R,R
Jorge López,200,75,R,R
Nicky Lopez,180,71,L,R
Otto Lopez,185,70,R,R
Pablo López,225,76,L,R
Rafael Lopez,200,69,L,R
Reynaldo Lopez,225,73,R,R
Yoan Lopez,208,75,R,R
Michael Lorenzen,217,75,R,R
David Lough,175,70,L,L
Aaron Loup,210,71,L,L
Richard Lovelady,185,72,L,L
Brandon Lowe,185,70,L,R
Josh Lowe,205,76,L,R
Mark Lowe,210,75,L,R
Nathaniel Lowe,220,76,L,R
Jed Lowrie,180,72,B,R
Zac Lowther,235,74,L,L
Josh Lucas,185,78,R,R
Joey Lucchesi,225,77,L,L
Elvis Luciano,210,75,R,R
Jonathan Lucroy,200,72,R,R
Cory Luebke,210,76,R,L
Lucas Luetge,205,76,L,L
Dawel Lugo,190,72,R,R
Seth Lugo,233,76,R,R
Jordan Luplow,195,73,R,R
Gavin Lux,190,74,L,R
Jesús Luzardo,218,72,L,L
Jordan Lyles,230,77,R,R
Daniel Lynch,200,78,L,L
Lance Lynn,270,77,B,R
Tyler Lyons,210,74,L,L
Andres Machado,235,72,R,R
Dixon Machado,190,73,R,R
Manny Machado,218,75,R,R
Jean Machi,257,71,R,R
Vimael Machin,185,71,L,R
David MacKinnon,200,74,R,R
Austin Maddox,220,74,R,R
Joe Maddon,190,71,R,R
Luis Madero,195,73,R,R
Bligh Madris,208,72,L,R
Nick Madrigal,175,68,R,R
Ryan Madson,234,78,L,R
Kenta Maeda,185,73,R,R
Matt Magill,210,75,R,R
Damien Magnifico,205,73,R,R
Greg Mahle,230,74,L,L
Tyler Mahle,210,75,R,R
Mikie Mahtook,220,74,R,R
Luke Maile,225,75,R,R
Kazuhisa Makita,181,70,R,R
Martin Maldonado,230,72,R,R
Sean Manaea,245,77,R,L
Trey Mancini,230,75,R,R
Seth Maness,190,72,R,R
Brandon Mann,200,74,L,L
Matt Manning,195,78,R,R
Alek Manoah,285,78,R,R
Jeff Manship,205,74,R,R
Joe Mantiply,219,76,R,L
Dillon Maples,230,74,R,R
Tucupita Marcano,180,72,L,R
Rafael Marchan,170,69,B,R
Shaun Marcum,195,72,R,R
Nick Margevicius,225,77,L,L
Manuel Margot,180,71,R,R
Sugar Ray Marimon,195,73,R,R
Jhan Marinez,200,73,R,R
Ron Marinaccio,205,74,R,R
Michael Mariot,190,72,R,R
Jake Marisnick,220,76,R,R
Mike Marjama,205,74,R,R
Nick Markakis,210,73,L,L
Parker Markel,240,77,R,R
Justin Marks,205,75,L,L
Matt Marksberry,180,73,L,L
Jose Marmolejos,239,74,L,L
Oliver Marmol,165,70,R,R
Brailyn Marquez,185,76,L,L
German Marquez,230,73,R,R
Jason Marquis,220,73,L,R
Chris Marrero,229,75,R,R
Deven Marrero,190,72,R,R
Brandon Marsh,215,76,L,R
Evan Marshall,235,74,R,R
Alfredo Marte,200,71,R,R
Francis Martes,249,72,R,R
Jefry Marte,220,73,R,R
Jose Marte,180,75,R,R
Ketel Marte,210,73,B,R
Kelvin Marte,170,69,R,L
Luis Marte,188,73,R,R
Starling Marte,201,73,R,R
Yunior Marte,180,74,R,R
Adrian Martinez,215,74,R,R
Brett Martin,200,76,L,L
Carlos Martinez,200,72,R,R
Chris Martin,225,80,R,R
Cody Martin,230,75,R,R
Corbin Martin,225,74,R,R
Davis Martin,215,73,L,R
Jason Martin,185,69,L,R
J.D. Martinez,230,75,R,R
Jose Martinez,215,78,R,R
Kyle Martin,230,79,R,R
Leonys Martin,200,74,L,R
Michael Martinez,180,69,B,R
Nick Martinez,200,73,L,R
Nick Martini,205,71,L,L
Rafael Martin,225,75,R,R
Richie Martin,190,72,R,R
Russell Martin,215,70,R,R
Seth Martinez,200,74,R,R
Victor Martinez,235,74,B,R
James Marvel,215,76,R,R
Michael Massey,190,72,L,R
Nick Masset,225,77,R,R
Justin Masterson,260,78,R,R
Darin Mastroianni,190,71,R,R
Miles Mastrobuoni,185,71,L,R
Jorge Mateo,182,72,R,R
Marcos Mateo,220,73,R,R
Jeff Mathis,205,72,R,R
Mark Mathias,200,72,R,R
Wyatt Mathisen,217,72,R,R
J. J. Matijevic,206,72,L,R
Nick Maton,178,74,L,R
Phil Maton,206,76,R,R
Ryan Mattheus,220,75,R,R
Isaac Mattson,205,74,R,R
Brian Matusz,190,77,L,L
Tyler Matzek,230,75,L,L
Steven Matz,201,74,R,L
Joe Mauer,225,77,L,R
Brandon Maurer,225,77,R,R
Bruce Maxwell,250,73,L,R
Justin Maxwell,225,76,R,R
John Mayberry,235,78,R,R
Cameron Maybin,215,75,R,R
Dustin May,180,78,R,R
Mike Mayers,220,74,R,R
Jack Mayfield,190,71,R,R
Jacob May,180,70,B,R
Trevor May,248,76,R,R
Tim Mayza,213,75,L,L
Nomar Mazara,224,76,L,L
Patrick Mazeika,216,74,L,R
Chris Mazza,190,76,R,R
Vin Mazzaro,220,74,R,R
Cory Mazzoni,210,73,R,R
Zach McAllister,240,78,R,R
Matt McBride,215,74,R,R
Ryan McBroom,220,75,R,L
Brian McCann,225,75,L,R
James McCann,232,74,R,R
Brandon McCarthy,225,80,R,R
Jake McCarthy,215,74,L,L
Joe McCarthy,220,75,L,L
Kevin McCarthy,210,75,R,R
Kirk McCarty,185,68,L,L
Darren McCaughan,200,73,R,R
Reggie McClain,180,74,R,R
Shane McClanahan,200,73,L,L
Chas McCormick,208,72,R,L
Adam McCreery,250,81,L,L
Lance McCullers Jr.,202,73,L,R
Andrew McCutchen,195,71,R,R
Mickey McDonald,175,74,B,R
T. J. McFarland,200,75,L,L
Easton McGee,205,78,R,R
Jake McGee,229,76,L,L
Casey McGehee,220,73,R,R
Scott McGough,190,71,R,R
Dustin McGowan,235,75,R,R
Kevin McGowan,233,77,R,R
Kyle McGowin,202,75,R,R
Kyle McGrath,185,74,L,L
Deck McGuire,220,78,R,R
Reese McGuire,218,72,L,R
Collin McHugh,191,74,R,R
Brendan McKay,220,74,L,L
David McKay,205,75,R,R
Michael McKenry,205,70,R,R
Ryan McKenna,195,71,R,R
Triston Mckenzie,165,77,R,R
Jack McKeon,195,68,R,R
Billy McKinney,205,73,L,L
Zach McKinstry,180,72,L,R
Andrew McKirahan,200,74,R,L
John McLaren,190,72,R,R
Ryan McMahon,219,74,L,R
Jeff McNeil,192,72,L,R
Alex McRae,220,74,R,R
Austin Meadows,225,75,L,L
John Means,235,75,L,L
Nick Mears,200,74,R,R
Adonis Medina,187,73,R,R
Yoervis Medina,245,75,R,R
Kris Medlen,190,70,B,R
Trevor Megill,250,80,L,R
Tylor Megill,241,79,R,R
Ryan Meisinger,235,76,R,R
Adalberto Mejia,265,75,R,L
Alex Mejia,200,73,R,R
Erick Mejia,195,71,B,R
Francisco Mejia,188,68,B,R
Humberto Mejia,244,76,R,R
Jenrry Mejia,205,72,R,R
J. C. Mejia,240,77,R,R
Seth Mejias-Brean,205,74,R,R
Mark Melancon,215,73,R,R
MJ Melendez,190,73,L,R
Keury Mella,234,74,R,R
Tim Melville,250,76,R,R
Roman Mendez,245,75,R,R
Yohander Mendez,230,76,L,L
Danny Mendick,195,70,R,R
Joey Meneses,215,75,R,R
Conner Menez,207,74,L,L
Daniel Mengden,215,73,R,R
Oscar Mercado,197,74,R,R
Jordy Mercer,210,75,R,R
Yermin Mercedes,245,71,R,R
Ryan Merritt,170,72,L,L
Stump Merrill,185,68,L,R
Whit Merrifield,195,73,R,R
Julian Merryweather,215,76,R,R
Devin Mesoraco,229,73,R,R
Alex Meyer,225,81,R,R
Ben Meyer,203,78,L,R
Jake Meyers,200,72,R,L
Max Meyer,196,72,L,R
Keynan Middleton,215,75,R,R
Will Middlebrooks,220,75,R,R
Miles Mikolas,230,76,R,R
Dave Miley,190,74,L,R
Wade Miley,220,74,L,L
Andrew Miller,200,79,L,L
Brad Miller,195,74,L,R
Brian Miller,196,73,L,R
Ian Miller,170,72,L,R
Justin Miller,225,75,R,R
Mike Miller,170,69,R,R
Owen Miller,185,72,R,R
Shelby Miller,225,75,R,R
Tyson Miller,225,76,R,R
Alec Mills,205,76,R,R
Brad Mills,190,72,R,L
Wyatt Mills,214,76,R,R
Hoby Milner,175,75,L,L
Tommy Milone,215,72,L,L
Juan Minaya,210,76,R,R
Mike Minor,210,76,R,L
A. J. Minter,215,72,L,L
Ariel Miranda,190,74,L,L
Jose Miranda,210,74,R,R
Anthony Misiewicz,196,73,R,L
Bryan Mitchell,215,74,L,R
Cal Mitchell,205,72,L,L
Garrett Mitchell,215,75,L,R
Casey Mize,212,75,R,R
Yadier Molina,225,71,R,R
Dustin Molleken,260,76,L,R
Sam Moll,190,69,L,L
Yoan Moncada,225,74,B,R
Carlos Moncrief,220,72,L,R
Adalberto Mondesi,200,73,B,R
Nate Mondou,195,69,L,R
Johnny Monell,210,73,L,R
Mickey Moniak,195,74,L,R
Frankie Montas,255,74,R,R
Bryce Montes de Oca,266,79,R,R
Elehuris Montero,235,75,R,R
Jesus Montero,235,75,R,R
Miguel Montero,221,71,L,R
Rafael Montero,190,72,R,R
Jordan Montgomery,228,78,L,L
Mike Montgomery,219,76,L,L
Adam Moore,220,75,R,R
Andrew Moore,195,72,R,R
Dylan Moore,205,72,R,R
Matt Moore,210,75,L,L
Tyler Moore,220,74,R,R
Franklin Morales,210,73,L,L
Francisco Morales,185,76,R,R
Kendrys Morales,242,73,B,R
Osmer Morales,196,75,R,R
Brian Moran,225,76,L,L
Colin Moran,225,76,L,R
Jovani Moran,167,73,L,L
Adrian Morejon,224,71,L,L
Brent Morel,230,74,R,R
Christopher Morel,140,72,R,R
Mitch Moreland,245,75,L,L
Diego Moreno,235,73,R,R
Gabriel Moreno,195,71,R,R
Dauri Moreta,185,74,R,R
Adam Morgan,200,73,L,L
Eli Morgan,190,70,R,R
Shawn Morimando,206,72,L,L
Mike Morin,220,76,R,R
Justin Morneau,220,76,L,R
Max Moroff,190,70,B,R
Reyes Moronta,265,70,R,R
A. J. Morris,195,74,R,R
Akeel Morris,205,73,R,R
Bryan Morris,220,75,L,R
Cody Morris,205,76,R,R
Logan Morrison,245,75,L,L
Brandon Morrow,207,75,R,R
Mike Morse,245,77,R,R
Charlie Morton,215,77,R,R
Jon Moscot,210,76,R,R
Brandon Moss,210,73,L,R
Jason Motte,205,72,R,R
Taylor Motter,195,73,R,R
Ryan Mountcastle,230,76,R,R
Mike Moustakas,225,72,L,R
Gabriel Moya,225,72,L,L
Steven Moya,260,79,L,R
Peter Moylan,220,75,R,R
Edward Mujica,220,75,R,R
Jose Mujica,249,74,R,R
Conor Mullee,195,76,R,R
Kyle Muller,250,79,R,L
Cedric Mullins,175,68,L,L
Max Muncy,215,72,L,R
Daniel Muno,195,73,B,R
Andrés Muñoz,222,74,R,R
Yairo Munoz,200,71,R,R
Toru Murata,175,72,L,R
Penn Murfee,195,74,R,R
David Murphy,210,75,L,L
Daniel Murphy,223,73,L,R
J. R. Murphy,200,71,R,R
Patrick Murphy,211,77,R,R
Pat Murphy,190,72,,R
Sean Murphy,228,75,R,R
Tom Murphy,206,73,R,R
Colton Murray,195,72,R,R
Harrison Musgrave,206,73,L,L
Joe Musgrove,230,77,R,R
Parker Mushinski,218,72,L,L
Simon Muzziotti,175,73,L,L
Wil Myers,207,75,R,R
James Naile,185,76,R,R
Tommy Nance,235,78,R,R
Mike Napoli,225,73,R,R
Tyler Naquin,195,74,L,R
Andrew Nardi,215,75,L,L
Omar Narvaez,220,71,L,R
Chris Narveson,205,75,L,L
Joe Nathan,230,76,R,R
Packy Naughton,195,74,R,L
Daniel Nava,195,70,B,L
Brian Navarreto,237,72,R,R
Dioner Navarro,215,69,B,R
Efren Navarro,210,72,L,L
Rey Navarro,185,70,B,R
Bo Naylor,205,72,L,R
Josh Naylor,250,71,L,L
Zach Neal,220,75,R,R
Kristopher Negron,190,72,R,R
Nick Neidert,202,73,R,R
Jimmy Nelson,250,78,R,R
Kyle Nelson,175,73,L,L
Nick Nelson,205,73,R,R
Ryne Nelson,184,75,R,R
Hector Neris,227,74,R,R
Angel Nesbitt,240,73,R,R
Pat Neshek,220,75,B,R
Sheldon Neuse,232,72,R,R
Dovydas Neverauskas,225,75,R,R
Tyler Nevin,225,76,R,R
Jake Newberry,200,74,R,R
Sean Newcomb,255,77,L,L
Kevin Newman,195,72,R,R
Ljay Newsome,210,71,R,R
Gift Ngoepe,200,68,R,R
Juan Nicasio,250,76,R,R
Brett Nicholas,220,74,L,R
Justin Nicolino,195,75,L,L
Tomas Nido,228,72,R,R
Jonathon Niese,215,75,L,L
Kirk Nieuwenhuis,225,75,L,R
Wil Nieves,190,71,R,R
Brandon Nimmo,202,75,L,R
Vinny Nittoli,210,73,R,R
Jacob Nix,220,76,R,R
Rico Noel,170,68,R,R
Hector Noesi,220,76,R,R
Stephen Nogosek,201,73,R,R
John Nogowski,245,72,R,L
Aaron Nola,200,74,R,R
Austin Nola,197,72,R,R
Ricky Nolasco,235,74,R,R
Sean Nolin,250,76,L,L
Jake Noll,213,74,R,R
Nick Noonan,185,73,L,R
Lars Nootbaar,210,75,L,R
Bud Norris,215,72,R,R
Daniel Norris,207,74,L,L
Derek Norris,235,72,R,R
Aaron Northcraft,229,75,R,R
James Norwood,215,74,R,R
Jacob Nottingham,220,74,R,R
Ivan Nova,250,77,R,R
Darien Nunez,205,74,L,L
Dom Nunez,212,73,L,R
Eduardo Nunez,195,72,R,R
Renato Nunez,220,73,R,R
Vidal Nuno,210,71,L,L
Trevor Oaks,249,74,R,R
Bailey Ober,260,81,R,R
Scott Oberg,207,74,R,R
Brett Oberholtzer,225,73,L,L
Peter O'Brien,225,76,R,R
Riley O'Brien,180,76,R,R
Darren O'Day,220,76,R,R
Joseph Odom,215,74,R,R
Jake Odorizzi,190,74,R,R
Rougned Odor,200,71,L,R
Eric O'Flaherty,210,74,L,L
Alexi Ogando,200,76,R,R
Cristofer Ogando,195,75,R,R
Nefi Ogando,230,72,R,R
Brian O'Grady,215,74,L,R
Chris O'Grady,225,76,R,L
Ryan O'Hearn,220,75,L,L
Ross Ohlendorf,240,76,R,R
Mike Ohlman,240,77,R,R
Logan O'Hoppe,185,74,R,R
Seunghwan Oh,205,70,R,R
Shohei Ohtani,210,76,L,R
Brian O'Keefe,210,73,R,R
Steven Okert,202,74,L,L
Chris Okey,200,71,R,R
Edward Olivares,190,74,R,R
Jared Oliva,200,74,R,R
Hector Olivera,230,74,R,R
Adam Oller,225,76,R,R
Edgar Olmos,220,76,L,L
Matt Olson,225,77,L,R
Tyler Olson,205,75,R,L
Mike Olt,210,74,R,R
Shawn O'Malley,175,71,B,R
Jorge Ona,235,72,R,R
Logan Ondrusek,230,80,R,R
Tyler O'Neill,200,71,R,R
Nate Orf,181,68,R,R
Paulo Orlando,215,74,R,R
Ryan O'Rourke,230,75,R,L
Oliver Ortega,165,72,R,R
Rafael Ortega,180,71,L,R
David Ortiz,230,75,L,L
Danny Ortiz,190,71,L,L
Luis Ortiz,230,75,R,R
Luis Ortiz,240,74,R,R
Kaleb Ort,240,76,R,R
Josh Osich,235,74,L,L
Sean O'Sullivan,245,73,R,R
Jose Osuna,235,74,R,R
Roberto Osuna,217,74,R,R
Corey Oswalt,250,77,R,R
Dan Otero,205,75,R,R
Adam Ottavino,246,77,B,R
Glenn Otto,240,75,R,R
James Outman,215,75,L,R
Connor Overton,190,72,L,R
Dillon Overton,175,74,L,L
Johan Oviedo,245,77,R,R
Luis Oviedo,250,77,R,R
Hunter Owen,200,71,R,R
Henry Owens,220,78,L,L
Chris Owings,185,70,R,R
Marcell Ozuna,225,73,R,R
Cristian Pache,215,74,R,R
Jordan Pacheco,200,73,R,R
Chris Paddack,217,77,R,R
Nicholas Padilla,220,74,R,R
Kevin Padlo,210,74,R,R
Angel Pagan,200,74,B,R
Emilio Pagan,208,74,L,R
Jermaine Palacios,145,72,R,R
Josh Palacios,200,73,L,R
Richie Palacios,180,70,L,R
Daniel Palka,241,74,L,L
Andre Pallante,203,72,R,R
Joe Palumbo,195,72,L,L
Joe Panik,205,73,L,R
Thomas Pannone,205,73,L,L
Jonathan Papelbon,230,77,R,R
Michael Papierski,224,75,B,R
Eduardo Paredes,250,73,R,R
Edward Paredes,180,72,L,L
Enoli Paredes,171,71,R,R
Isaac Paredes,213,71,R,R
Jimmy Paredes,230,75,B,R
Byung Ho Park,220,73,R,R
Blake Parker,225,75,R,R
Jarrett Parker,225,76,L,L
Kyle Parker,205,72,R,R
Hoy Park,200,73,L,R
Chris Parmelee,220,73,L,L
Ian Parmley,175,71,L,L
Bobby Parnell,205,75,R,R
Gerardo Parra,209,71,L,L
Manny Parra,215,75,L,L
Andy Parrino,185,72,B,R
Wes Parsons,206,77,R,R
Curtis Partch,240,77,R,R
Vinnie Pasquantino,245,76,L,L
Luis Patiño,192,73,R,R
Jordan Patterson,227,76,L,L
Spencer Patton,200,73,R,R
David Paulino,240,78,R,R
Ben Paulsen,210,76,L,R
James Paxton,227,76,L,L
Joel Payamps,225,74,R,R
Pedro Payano,170,74,R,R
Tyler Payne,210,71,R,R
Mark Payton,180,68,L,L
James Pazos,252,74,R,L
Brad Peacock,207,73,R,R
Matt Peacock,185,73,R,R
Steve Pearce,200,71,R,R
Nate Pearson,255,78,R,R
Jake Peavy,195,73,R,R
Joc Pederson,220,73,L,L
Dustin Pedroia,170,69,R,R
Carlos Peguero,260,77,L,L
Elvis Peguero,208,77,R,R
Liover Peguero,200,74,R,R
Mike Pelfrey,240,79,R,R
CD Pelham,238,78,R,L
Ariel Pena,245,75,R,R
Brayan Pena,240,69,B,R
Felix Pena,220,74,R,R
Francisco Pena,230,74,R,R
Jeremy Peña,202,72,R,R
Ramiro Pena,200,71,B,R
Hunter Pence,216,76,R,R
Cliff Pennington,200,70,B,R
Ryan Pepiot,215,75,R,R
David Peralta,210,73,L,L
Freddy Peralta,199,71,R,R
Jhonny Peralta,225,74,R,R
Joel Peralta,210,70,R,R
Wandy Peralta,227,72,L,L
Wily Peralta,255,73,R,R
Jose Peraza,210,72,R,R
Oswald Peraza,200,72,R,R
Angel Perdomo,265,80,L,L
Geraldo Perdomo,203,74,B,R
Luis Perdomo,201,74,R,R
Carlos Perez,210,72,R,R
Carlos Perez,205,71,R,R
Cionel Perez,162,71,R,L
Eury Perez,190,72,R,R
Francisco Perez,217,74,B,L
Hernan Perez,213,73,R,R
Hector Perez,223,75,R,R
Joe Perez,198,74,R,R
Juan Perez,185,71,R,R
Martín Pérez,200,72,L,L
Michael Perez,195,70,L,R
Oliver Perez,225,75,L,L
Roberto Perez,220,71,R,R
Salvador Perez,255,75,R,R
Williams Perez,240,72,R,R
Yefri Perez,170,71,B,R
Cameron Perkins,225,77,R,R
Glen Perkins,205,72,L,L
Vinnie Pestano,210,72,R,R
David Peterson,236,78,L,L
Dillon Peters,195,71,L,L
DJ Peters,225,78,R,R
Dustin Peterson,210,74,R,R
Jace Peterson,215,72,L,R
Shane Peterson,196,73,L,L
Tim Peterson,215,73,R,R
Gregorio Petit,200,70,R,R
Yusmeiro Petit,252,73,R,R
Jake Petricka,218,76,R,R
Tommy Pham,223,73,R,R
Josh Phegley,225,70,R,R
David Phelps,200,74,R,R
Brandon Phillips,211,72,R,R
Brett Phillips,195,72,L,R
Evan Phillips,215,74,R,R
Zach Phillips,200,73,L,L
A. J. Pierzynski,250,75,L,R
Konnor Pilkington,240,75,L,L
Kevin Pillar,200,72,R,R
Tyler Pill,200,74,L,R
Stolmy Pimentel,230,75,R,R
Manny Pina,222,72,R,R
Branden Pinder,215,76,R,R
Chad Pinder,210,74,R,R
Israel Pineda,188,71,R,R
Michael Pineda,280,79,R,R
Yohan Pino,190,74,R,R
Josmil Pinto,225,71,R,R
Rene Pinto,195,70,R,R
Ricardo Pinto,195,72,R,R
Jose Pirela,220,72,R,R
Stephen Piscotty,211,76,R,R
Nick Pivetta,214,77,R,R
Michael Plassmeyer,197,74,L,L
Kevin Plawecki,208,74,R,R
Zach Plesac,220,75,R,R
Trevor Plouffe,215,74,R,R
Nick Plummer,200,70,L,L
Adam Plutko,215,75,R,R
Colin Poche,225,75,L,L
Gregory Polanco,240,77,L,L
Jorge Polanco,208,71,B,R
AJ Pollock,210,73,R,R
Drew Pomeranz,246,77,R,L
Dalton Pompey,200,74,B,R
Cody Ponce,255,78,R,R
Daniel Ponce de Leon,200,75,R,R
Sean Poppen,210,75,R,R
Zach Pop,220,76,R,R
Rick Porcello,205,77,R,R
Buster Posey,213,73,R,R
Cody Poteet,190,73,R,R
Brooks Pounders,265,77,R,R
Max Povse,185,80,R,R
Boog Powell,200,70,L,L
Bobby Poyner,220,72,L,L
Yohel Pozo,201,72,R,R
Martin Prado,215,72,R,R
Nick Pratto,215,73,L,L
Alex Presley,195,70,L,L
Ryan Pressly,206,74,R,R
Bryan Price,190,74,,L
David Price,215,77,L,L
Jason Pridie,205,73,L,R
Ford Proctor,195,73,L,R
Jurickson Profar,184,72,B,R
Austin Pruitt,185,71,R,R
Cesar Puello,220,74,R,R
Yasiel Puig,240,74,R,R
Albert Pujols,235,75,R,R
A.J. Puk,248,79,L,L
Matt Purke,215,76,L,L
Zach Putnam,220,74,R,R
Kevin Quackenbush,235,76,R,R
Mike Quade,182,72,R,R
Chad Qualls,235,76,R,R
Cal Quantrill,195,75,L,R
Juniel Querecuto,198,69,B,R
Johan Quezada,255,81,R,R
Jose Quijada,215,71,L,L
Roman Quinn,175,70,B,R
Jose Quintana,220,73,R,L
Esteban Quiroz,199,66,L,R
Ryan Raburn,185,72,R,R
Cole Ragans,190,76,L,L
Tanner Rainey,244,74,R,R
Cal Raleigh,235,75,B,R
Brooks Raley,200,75,L,L
Luke Raley,235,76,L,R
Alexei Ramirez,180,74,R,R
Aramis Ramirez,205,73,R,R
Carlos Ramirez,205,77,R,R
Erasmo Ramirez,217,72,R,R
Hanley Ramirez,235,74,R,R
Harold Ramirez,232,70,R,R
J. C. Ramirez,220,76,R,R
José Ramírez,190,69,B,R
José Ramírez,220,73,R,R
Neil Ramirez,215,76,R,R
Nick Ramirez,232,76,L,L
Noe Ramirez,205,75,R,R
Roel Ramirez,235,72,R,R
Yefry Ramirez,215,74,R,R
Yohan Ramirez,212,76,R,R
AJ Ramos,200,70,R,R
Cesar Ramos,200,74,L,L
Edubray Ramos,232,72,R,R
Henry Ramos,215,72,B,R
Heliot Ramos,188,73,R,R
Wilson Ramos,241,73,R,R
Matt Ramsey,210,71,R,R
Anthony Ranaudo,240,79,R,R
Colby Rasmus,195,74,L,L
Cory Rasmus,200,72,R,R
Drew Rasmussen,211,73,R,R
Rob Rasmussen,175,70,R,L
Rangel Ravelo,235,73,R,R
Josh Ravin,215,76,R,R
Corey Ray,196,72,L,L
Robbie Ray,225,74,L,L
Colin Rea,235,77,R,R
Raudy Read,235,72,R,R
J.T. Realmuto,212,73,R,R
Chris Rearick,200,75,L,L
Anthony Recker,240,74,R,R
Josh Reddick,197,74,L,R
Todd Redmond,240,75,R,R
Addison Reed,230,76,L,R
A. J. Reed,275,76,L,L
Chris Reed,235,75,L,L
Cody Reed,230,77,L,L
Jake Reed,197,74,R,R
Michael Reed,215,72,R,R
Jakson Reetz,205,72,R,R
Rob Refsnyder,205,72,R,R
Sean Reid-Foley,235,74,R,R
Nolan Reimold,205,76,R,R
Jack Reinheimer,185,73,R,R
Zac Reininger,190,75,B,R
Zach Reks,190,74,L,R
Tony Renda,179,68,R,R
Anthony Rendon,200,73,R,R
Hunter Renfroe,230,73,R,R
Luis Rengifo,195,70,B,R
Ben Revere,175,69,L,R
Alex Reyes,220,76,R,R
Denyi Reyes,255,76,R,R
Franmil Reyes,265,77,R,R
Gerardo Reyes,195,71,R,R
Jesus Reyes,180,74,R,R
Jose Reyes,195,72,B,R
Jo-Jo Reyes,230,74,L,L
Pablo Reyes,175,68,R,R
Victor Reyes,194,77,B,R
Bryan Reynolds,205,75,B,R
Mark Reynolds,220,74,R,R
Matt Reynolds,240,77,L,L
Matt Reynolds,210,73,R,R
Jacob Rhame,215,73,R,R
Clayton Richard,240,77,L,L
Garrett Richards,210,74,R,R
Trevor Richards,205,74,R,R
Joey Rickard,192,72,R,L
JT Riddle,190,73,L,R
Greg Riddoch,180,72,R,R
Stephen Ridings,220,80,R,R
C. J. Riefenhauser,195,72,L,L
Andre Rienzo,195,74,R,R
Jim Riggleman,175,71,R,R
Austin Riley,240,75,R,R
Alex Rios,210,77,R,R
Edwin Rios,220,75,L,R
Yacksel Rios,215,75,R,R
Alfonso Rivas,190,71,L,L
Webster Rivas,219,73,R,R
Emmanuel Rivera,225,74,R,R
Felipe Vazquez,225,74,L,L
Rene Rivera,215,70,R,R
Sebastian Rivero,210,73,R,R
T. J. Rivera,203,73,R,R
Yadiel Rivera,190,75,R,R
Anthony Rizzo,240,75,L,L
Donn Roach,195,72,R,R
Tanner Roark,238,74,R,R
David Robertson,195,71,R,R
Dan Robertson,200,71,R,R
Daniel Robertson,210,73,R,R
Ethan Roberts,180,70,R,R
Kenny Roberts,200,73,L,L
Kramer Robertson,166,70,R,R
Luis Robert Jr.,220,74,R,R
Chuckie Robinson,221,71,R,R
Clint Robinson,240,77,L,L
Drew Robinson,200,73,L,R
Shane Robinson,170,69,R,R
Hansel Robles,220,72,R,R
Victor Robles,195,72,R,R
Jacob Robson,182,70,L,R
Brady Rodgers,215,74,R,R
Brendan Rodgers,204,72,R,R
Fernando Rodney,240,71,R,R
Carlos Rodón,245,75,L,L
Alex Rodriguez,230,75,R,R
Chris Rodriguez,185,74,R,R
Dereck Rodriguez,208,72,R,R
Eduardo Rodriguez,231,74,L,L
Elvin Rodriguez,160,75,R,R
Fernando Rodriguez,235,75,R,R
Francisco Rodriguez,195,72,R,R
Jefry Rodriguez,230,78,R,R
Joely Rodriguez,200,73,L,L
Jose Rodriguez,210,74,R,R
Julio Rodríguez,228,75,R,R
Manuel Rodriguez,210,71,R,R
Nivaldo Rodriguez,214,73,R,R
Ricardo Rodriguez,220,74,R,R
Richard Rodriguez,220,76,R,R
Ronny Rodriguez,180,72,R,R
Sean Rodriguez,199,72,R,R
Paco Rodriguez,220,75,L,L
Wandy Rodriguez,195,71,B,L
Yerry Rodriguez,198,74,R,R
Chaz Roe,190,77,R,R
Esmil Rogers,200,75,R,R
Jason Rogers,230,73,R,R
Jake Rogers,201,73,R,R
Josh Rogers,211,75,L,L
Taylor Rogers,190,75,L,L
Trevor Rogers,217,77,L,L
Tyler Rogers,181,75,R,R
Josh Rojas,207,73,L,R
Jose Rojas,200,72,L,R
Luis Rojas,180,72,R,R
Miguel Rojas,188,72,R,R
David Rollins,210,73,L,L
Jimmy Rollins,175,67,B,R
Jamie Romak,226,75,R,R
Jordan Romano,210,77,R,R
Sal Romano,255,77,L,R
Enny Romero,232,75,R,L
Fernando Romero,215,72,R,R
Jhon Romero,195,70,R,R
JoJo Romero,200,72,L,L
Seth Romero,213,75,L,L
Stefen Romero,220,74,R,R
Tommy Romero,225,74,R,R
Andrew Romine,190,73,B,R
Austin Romine,216,73,R,R
Sergio Romo,185,71,R,R
Angel Rondon,205,73,R,R
Bruce Rondon,275,75,R,R
Hector Rondon,225,75,R,R
Jorge Rondon,215,73,R,R
Jose Rondon,215,73,R,R
Brent Rooker,225,76,R,R
Ben Rortvedt,205,70,L,R
Adonis Rosa,170,73,R,R
Adam Rosales,200,74,R,R
Alberto Rosario,175,72,R,R
Amed Rosario,190,74,R,R
Eddie Rosario,180,73,L,R
Eguy Rosario,150,69,R,R
Randy Rosario,210,73,L,L
Wilin Rosario,225,71,R,R
Kenny Rosenberg,195,73,L,L
Trevor Rosenthal,230,74,R,R
Seth Rosin,265,78,R,R
Cody Ross,195,71,R,L
Zac Rosscup,220,74,R,L
David Ross,230,74,R,R
Joe Ross,232,76,R,R
Bubby Rossman,220,77,B,R
Ramon Rosso,240,76,R,R
Robbie Ross,215,71,L,L
Tyson Ross,254,77,R,R
Michael Roth,210,73,L,L
Ben Rowen,200,76,R,R
Chris Rowley,195,74,R,R
James Rowson,190,71,R,R
Ryan Rua,205,74,R,R
Drew Rucinski,190,74,R,R
Michael Rucker,200,73,R,R
Darin Ruf,232,74,R,R
Justin Ruggiano,210,73,R,R
Carlos Ruiz,215,70,R,R
Esteury Ruiz,169,72,R,R
Jose Ruiz,245,73,R,R
Keibert Ruiz,225,72,B,R
Norge Ruiz,190,70,R,R
Rio Ruiz,220,74,L,R
Nick Rumbelow,190,72,R,R
Dan Runzler,210,76,L,L
Cameron Rupp,260,74,R,R
Chris Rusin,200,74,L,L
Addison Russell,200,72,R,R
James Russell,205,76,L,L
Josh Rutledge,186,71,R,R
Adley Rutschman,220,74,B,R
Brendan Ryan,190,73,R,R
Joe Ryan,205,74,R,R
Kyle Ryan,215,77,L,L
Hyun Jin Ryu,250,75,R,L
Marc Rzepczynski,220,74,L,L
CC Sabathia,300,78,L,L
Casey Sadler,223,75,R,R
Connor Sadzeck,235,79,R,R
Tyler Saladino,200,72,R,R
Fernando Salas,200,74,R,R
Danny Salazar,195,72,R,R
Chris Sale,183,78,L,L
Jarrod Saltalamacchia,235,76,B,R
Jeff Samardzija,233,76,R,R
Adrian Sampson,210,74,R,R
Keyvius Sampson,225,74,R,R
Carlos Sanabria,200,75,R,R
Aaron Sanchez,212,76,R,R
Adrian Sanchez,197,72,R,R
Ali Sanchez,200,73,R,R
Anibal Sanchez,207,72,R,R
Angel Sanchez,190,73,R,R
Carlos Sanchez,210,72,B,R
Cristopher Sanchez,165,73,L,L
Gary Sanchez,230,74,R,R
Hector Sanchez,220,72,B,R
Jesus Sanchez,222,75,L,R
Miguel Sanchez,205,75,R,R
Ricardo Sanchez,220,70,L,L
Sixto Sanchez,234,72,R,R
Tony Sanchez,220,71,R,R
Phoenix Sanders,205,70,R,R
Nick Sandlin,175,71,R,R
Pablo Sandoval,268,70,B,R
Patrick Sandoval,190,75,L,L
Cole Sands,215,75,R,R
Donny Sands,190,74,R,R
Jerry Sands,225,76,R,R
Reiver Sanmartin,160,74,L,L
Miguel Sano,272,76,R,R
Anthony Santander,235,74,B,R
Carlos Santana,215,71,B,R
Danny Santana,195,71,B,R
Dennis Santana,190,74,R,R
Domingo Santana,232,77,R,R
Edgar Santana,205,74,R,R
Ervin Santana,175,74,R,R
Hector Santiago,215,72,R,L
Tony Santillan,240,75,R,R
Antonio Santos,233,75,R,R
Gregory Santos,190,74,R,R
Luis Santos,225,72,R,R
Sergio Santos,215,76,R,R
Luis Sardinas,180,73,B,R
Tayler Saucedo,205,76,L,L
Michael Saunders,225,76,L,R
Warwick Saupold,223,74,R,R
Hirokazu Sawamura,212,72,R,R
Josh Sborz,215,75,R,R
Rob Scahill,220,74,L,R
Mac Sceroler,215,75,R,R
Bob Schaefer,165,71,L,R
Jordan Schafer,205,73,L,L
Logan Schafer,200,73,L,L
Scott Schebler,228,73,L,R
Tanner Scheppers,200,76,R,R
Max Scherzer,208,75,R,R
Ryan Schimpf,180,69,L,R
Brian Schlitter,238,75,R,R
Clarke Schmidt,200,73,R,R
John Schneider,250,75,R,R
Jonathan Schoop,247,73,R,R
John Schreiber,210,74,R,R
Max Schrock,185,69,L,R
A. J. Schugel,200,72,R,R
Bo Schultz,229,75,R,R
Jaime Schultz,205,70,R,R
Skip Schumaker,185,70,L,R
Patrick Schuster,190,74,R,L
Kyle Schwarber,229,72,L,R
Frank Schwindel,220,73,R,R
Robby Scott,220,75,B,L
Tanner Scott,235,72,R,L
Tayler Scott,185,75,R,R
Evan Scribner,190,75,R,R
Troy Scribner,190,75,L,R
Andre Scrubb,270,76,R,R
Xavier Scruggs,215,72,R,R
Connor Seabold,190,74,R,R
Corey Seager,215,76,L,R
Kyle Seager,216,72,L,R
JP Sears,180,71,R,L
Cody Sedlock,220,76,R,R
Rob Segedin,220,74,R,R
Jean Segura,220,70,R,R
Sam Selman,198,74,R,L
Steve Selsky,213,72,R,R
Marcus Semien,195,72,R,R
Antonio Senzatela,236,73,R,R
Nick Senzel,205,73,R,R
Brian Serven,207,72,R,R
Anderson Severino,190,70,L,L
Luis Severino,218,74,R,R
Pedro Severino,235,73,R,R
Paul Sewald,219,75,R,R
Kevin Shackelford,210,77,R,R
Justin Shafer,205,74,R,R
Richie Shaffer,230,75,R,R
Sterling Sharp,182,75,R,R
Mike Shawaryn,240,74,R,R
Bryan Shaw,226,73,B,R
Chris Shaw,220,76,L,R
Travis Shaw,230,76,L,R
Gavin Sheets,230,77,L,L
Jordan Sheffield,190,70,R,R
Justus Sheffield,224,70,L,L
Derek Shelton,186,72,R,R
Chandler Shepherd,215,73,R,R
James Sherfy,175,72,R,R
Ryan Sherriff,190,73,L,L
James Shields,210,75,R,R
Braden Shipley,190,73,R,R
Matt Shoemaker,225,74,R,R
Zack Short,180,70,R,R
Buck Showalter,195,69,L,L
Chasen Shreve,180,76,L,L
JB Shuck,195,71,L,L
Michael Siani,188,73,L,L
Kevin Siegrist,230,77,L,L
Magneuris Sierra,178,71,L,L
Moises Sierra,233,73,R,R
Chase Silseth,217,72,R,R
Andrelton Simmons,195,74,R,R
Shae Simmons,190,71,R,R
Alfredo Simon,265,78,R,R
Lucas Sims,225,74,R,R
Brady Singer,215,77,R,R
Jon Singleton,230,74,L,L
Tony Sipp,190,72,L,L
Jose Siri,175,74,R,R
Chance Sisco,210,75,L,R
Brandyn Sittinger,200,73,R,R
Grady Sizemore,205,74,L,L
Eric Skoglund,215,79,L,L
Matt Skole,220,76,L,R
Tarik Skubal,240,75,R,L
Dan Slania,275,77,R,R
Austin Slater,204,73,R,R
Aaron Slegers,260,82,R,R
Ethan Small,215,76,L,L
Devin Smeltzer,195,75,R,L
Blake Smith,220,74,L,R
Burch Smith,225,76,R,R
Carson Smith,215,78,R,R
Caleb Smith,207,72,R,L
Canaan Smith-Njigba,230,72,L,R
Chris Smith,190,72,R,R
Chad Smith,220,75,L,R
Chris Smith,205,74,R,R
Chad Smith,200,76,R,R
Dominic Smith,222,72,L,L
Drew Smith,192,73,R,R
Dwight Smith,210,72,L,R
Jake Smith,190,76,R,R
Joe Smith,211,74,R,R
Josh Smith,210,74,R,R
Josh Smith,200,75,L,L
Josh Smith,172,70,L,R
Kevan Smith,230,76,R,R
Kevin Smith,190,72,R,R
Mallex Smith,170,69,L,R
Murphy Smith,210,75,R,R
Pavin Smith,208,74,L,L
Riley Smith,207,73,R,R
Seth Smith,210,75,L,L
Tyler Smith,195,72,R,R
Will Smith,255,77,R,L
Will Smith,195,70,R,R
Justin Smoak,220,76,B,L
Josh Smoker,232,73,L,L
Jake Smolinski,210,71,R,R
Drew Smyly,190,74,L,L
Kirby Snead,218,73,L,L
Cy Sneed,213,76,R,R
Blake Snell,225,76,L,L
D. J. Snelten,240,78,L,L
Collin Snider,195,76,R,R
Travis Snider,230,72,L,L
Brian Snitker,190,73,R,R
Brandon Snyder,215,74,R,R
Nicklaus Snyder,190,76,R,R
Chad Sobotka,225,79,R,R
Miguel Socolovich,205,73,R,R
Eric Sogard,180,70,L,R
Nick Solak,185,71,R,R
Donovan Solano,210,68,R,R
Jhonatan Solano,214,69,R,R
Yangervis Solarte,220,71,B,R
Jorge Soler,235,76,R,R
Sammy Solis,251,77,R,L
Jared Solomon,200,74,R,R
Peter Solomon,211,76,R,R
Layne Somsen,190,72,R,R
Joakim Soria,205,75,R,R
Rafael Soriano,230,76,R,R
Mike Soroka,225,77,R,R
Edmundo Sosa,210,72,R,R
Lenyn Sosa,180,72,R,R
Elliot Soto,160,69,R,R
Geovany Soto,225,73,R,R
Giovanni Soto,210,74,L,L
Gregory Soto,234,73,L,L
Juan Soto,224,74,L,L
Livan Soto,160,72,L,R
Bennett Sousa,220,75,L,L
Steven Souza,225,76,R,R
Denard Span,210,72,L,L
Cory Spangenberg,195,72,L,R
Glenn Sparkman,215,74,R,R
Gabe Speier,200,71,L,L
Shea Spitzbarth,215,73,R,R
George Springer,220,75,R,R
Jeffrey Springs,218,75,L,L
Jacob Stallings,225,77,R,R
Eric Stamets,183,72,R,R
Craig Stammen,228,74,R,R
Ryne Stanek,226,76,R,R
Cody Stanley,190,70,L,R
Giancarlo Stanton,245,78,R,R
Bubba Starling,220,76,R,R
Cody Stashak,180,74,R,R
Brock Stassi,190,73,L,L
Max Stassi,200,70,R,R
Tim Stauffer,215,73,R,R
Josh Staumont,200,75,R,R
Drew Steckenrider,235,76,R,R
Justin Steele,205,74,L,L
Spencer Steer,185,71,R,R
Michael Stefanic,180,70,R,R
Jackson Stephens,220,74,R,R
Robert Stephenson,205,75,R,R
Trevor Stephan,225,77,R,R
Tyler Stephenson,225,76,R,R
Andrew Stevenson,191,72,L,L
Cal Stevenson,175,70,L,L
Brock Stewart,220,75,L,R
Chris Stewart,215,76,R,R
Christin Stewart,220,72,L,R
DJ Stewart,210,72,L,R
Kohl Stewart,200,75,R,R
Jonathan Stiever,210,74,R,R
Matt Stites,205,71,L,R
Locke St. John,205,73,L,L
Robert Stock,214,73,L,R
Troy Stokes,205,69,R,R
Drew Storen,200,73,B,R
Trevor Story,213,74,R,R
Bryson Stott,200,75,L,R
Eric Stout,205,75,L,L
Kyle Stowers,200,75,L,L
Matt Strahm,190,74,R,L
Dan Straily,220,74,R,R
Stephen Strasburg,239,77,R,R
Chris Stratton,205,74,R,R
Ryan Strausborger,185,72,R,R
Myles Straw,178,70,R,R
Huston Street,205,72,R,R
Hunter Strickland,225,75,R,R
Spencer Strider,195,72,R,R
Ross Stripling,215,73,R,R
Marcus Stroman,180,67,R,R
Pedro Strop,220,73,R,R
Peter Strzelecki,195,74,R,R
Drew Stubbs,205,76,R,R
Garrett Stubbs,170,70,L,R
Eric Stults,220,74,L,L
Daniel Stumpf,208,74,L,L
Tyler Sturdevant,185,72,R,R
Albert Suarez,235,75,R,R
Andrew Suarez,202,72,L,L
Eugenio Suárez,213,71,R,R
Jose Suarez,225,70,L,L
Ranger Suárez,217,73,L,L
Robert Suarez,210,74,R,R
Jesus Sucre,200,72,R,R
Wander Suero,216,76,R,R
Beau Sulser,195,74,R,R
Cole Sulser,190,73,R,R
Eric Surkamp,220,77,L,L
Andrew Susac,220,73,R,R
Brent Suter,213,76,L,L
Jack Suwinski,215,74,L,L
Ichiro Suzuki,175,71,L,R
Kurt Suzuki,210,71,R,R
Seiya Suzuki,182,71,R,R
Travis Swaggerty,200,70,L,L
Dansby Swanson,190,73,R,R
Erik Swanson,222,75,R,R
Matt Swarmer,195,77,R,R
Anthony Swarzak,215,76,R,R
Darnell Sweeney,205,73,B,R
Blake Swihart,185,72,B,R
Nick Swisher,195,72,B,L
Noah Syndergaard,242,78,L,R
Thomas Szapucki,210,74,R,L
Matt Szczur,200,72,R,R
Jose Tabata,210,71,R,R
Travis Taijeron,224,74,R,R
Jameson Taillon,230,77,R,R
Masahiro Tanaka,218,75,R,R
Domingo Tapia,263,75,R,R
Raimel Tapia,175,75,L,L
Freddy Tarnok,185,75,R,R
Stephen Tarpley,202,72,R,L
Travis Tartamella,205,72,R,R
Dillon Tate,195,74,R,R
Fernando Tatis Jr.,217,75,R,R
Mike Tauchman,220,74,L,L
Leody Taveras,195,74,B,R
Ben Taylor,225,75,R,R
Beau Taylor,205,71,L,R
Blake Taylor,220,75,L,L
Chris Taylor,196,73,R,R
Josh Taylor,245,77,L,L
Michael Taylor,215,76,R,R
Tyrone Taylor,194,72,R,R
Junichi Tazawa,200,71,R,R
Everett Teaford,160,72,L,L
Taylor Teagarden,210,72,R,R
Julio Teheran,205,74,R,R
Mark Teixeira,225,75,B,R
Ruben Tejada,200,71,R,R
Anderson Tejeda,200,72,B,R
Tomas Telis,220,68,B,R
Rowdy Tellez,255,76,L,L
Ryan Tepera,195,73,R,R
Nick Tepesch,240,76,R,R
Joey Terdoslavich,200,73,B,R
Curtis Terry,258,74,R,R
Jackson Tetreault,189,77,R,R
Matt Thaiss,215,72,L,R
Eric Thames,235,71,L,R
Joe Thatcher,230,74,L,L
Dale Thayer,210,72,R,R
Jesen Therrien,221,75,R,R
Caleb Thielbar,205,72,R,L
Josh Thole,190,73,L,R
Alek Thomas,175,71,L,L
Cody Thomas,211,76,L,R
Dillon Thomas,215,73,L,L
Ian Thomas,215,76,R,L
Lane Thomas,191,72,R,R
Aaron Thompson,205,75,L,L
Bubba Thompson,197,74,R,R
Jake Thompson,225,76,R,R
Keegan Thompson,210,74,R,R
Mason Thompson,236,78,R,R
Ryan Thompson,210,77,R,R
Trayce Thompson,225,75,R,R
Zach Thompson,250,79,R,R
Zack Thompson,215,74,L,L
Rob Thomson,200,72,R,R
Matt Thornton,235,78,L,L
Trent Thornton,190,72,R,R
Tyler Thornburg,190,71,R,R
Lewis Thorpe,218,73,R,L
Ty Tice,185,69,L,R
Chris Tillman,200,77,R,R
Charlie Tilson,190,71,L,L
Jayce Tingler,155,68,L,L
Jesus Tinoco,258,76,R,R
Carlos Tocci,180,74,R,R
Michael Toglia,226,77,B,L
Andrew Toles,192,69,L,R
Shawn Tolleson,214,73,R,R
Steven Tolleson,185,71,R,R
Ashur Tolliver,170,72,L,L
Yasmany Tomas,260,74,R,R
Ka'ai Tom,185,69,L,R
Josh Tomlin,190,73,R,R
Kelby Tomlinson,175,74,R,R
Michael Tonkin,220,79,R,R
Justin Topa,200,76,R,R
Spencer Torkelson,220,73,R,R
Abraham Toro,225,72,B,R
Alex Torres,190,70,L,L
Carlos Torres,180,73,R,R
Gleyber Torres,205,73,R,R
Jose Torres,175,74,L,L
Luis Torrens,217,72,R,R
Ramon Torres,190,71,B,R
Ronald Torreyes,155,68,R,R
Touki Toussaint,215,75,R,R
Ezequiel Tovar,162,72,R,R
Wilfredo Tovar,180,67,R,R
Matt Tracy,215,75,L,L
Blake Trahan,180,69,R,R
Taylor Trammell,220,74,L,L
Devon Travis,195,69,R,R
Sam Travis,220,72,R,R
Tom Trebelhorn,180,72,L,R
Blake Treinen,225,77,R,R
Alan Trejo,205,74,R,R
Jose Trevino,215,70,R,R
Andrew Triggs,233,76,R,R
Lou Trivino,235,77,R,R
Chadwick Tromp,221,68,R,R
Nick Tropeano,205,76,R,R
Mike Trout,235,74,R,R
Mark Trumbo,225,76,R,R
Chin-hui Tsao,170,74,R,R
Jen-Ho Tseng,210,73,L,R
Yoshi Tsutsugo,225,73,L,R
Cole Tucker,200,75,B,R
Kyle Tucker,199,76,L,R
Preston Tucker,210,72,L,L
Gary Tuck,192,72,R,R
Matt Tuiasosopo,235,74,R,R
Sam Tuivailala,230,75,R,R
Tanner Tully,205,74,L,L
Troy Tulowitzki,205,75,R,R
Nik Turley,230,76,L,L
Spencer Turnbull,210,75,R,R
Jacob Turner,215,77,R,R
Justin Turner,202,71,R,R
Stuart Turner,220,74,R,R
Trea Turner,185,74,R,R
Kyle Tyler,185,72,R,R
Edwin Uceta,155,72,R,R
Koji Uehara,195,74,R,R
Erich Uelmen,210,75,R,R
Dan Uggla,210,71,R,R
Duane Underwood,225,74,R,R
B. J. Upton,185,75,R,R
Justin Upton,215,73,R,R
Jose Urena,208,74,R,R
Richard Urena,195,72,B,R
Julio Urías,225,72,L,L
Luis Urías,186,69,R,R
Ramon Urias,190,72,R,R
Juan Uribe,245,72,R,R
José Urquidy,217,72,R,R
Henry Urrutia,200,77,L,R
Gio Urshela,215,72,R,R
Chase Utley,195,73,L,R
Pat Valaika,200,72,R,R
Cesar Valdez,225,74,R,R
Framber Valdez,239,71,R,L
Jordany Valdespin,205,72,L,R
Jose Valdez,210,71,R,R
Phillips Valdez,160,74,R,R
Danny Valencia,210,74,R,R
Jesmuel Valentin,180,69,B,R
Breyvic Valera,190,71,B,R
Josh VanMeter,194,71,L,R
Scott Van Slyke,215,76,R,R
Cesar Vargas,237,74,R,R
Ildemaro Vargas,180,72,B,R
Jason Vargas,215,72,L,L
Kennys Vargas,290,77,B,R
Miguel Vargas,205,75,R,R
Louie Varland,205,73,L,R
Daulton Varsho,207,70,L,R
Andrew Vasquez,235,78,L,L
Jerry Vasto,195,74,L,L
Andrew Vaughn,215,72,R,R
Terrin Vavra,200,73,L,R
Christian Vazquez,205,69,R,R
Donnie Veal,235,76,L,L
Vince Velasquez,212,75,R,R
Andrew Velazquez,170,69,B,R
Hector Velazquez,218,72,R,R
Nelson Velazquez,200,72,R,R
Will Venable,205,75,L,L
Pat Venditte,186,72,L,S
Jonny Venters,200,75,L,L
Alex Verdugo,192,72,L,L
Drew VerHagen,230,78,R,R
Justin Verlander,235,77,R,R
Logan Verrett,190,74,R,R
Alex Vesia,209,73,L,L
Nick Vespi,215,75,L,L
Will Vest,180,72,R,R
Shane Victorino,190,69,R,R
Cam Vieaux,200,75,L,L
Thyago Vieira,210,74,R,R
Engelb Vielma,165,71,B,R
Mark Vientos,220,75,R,R
Matt Vierling,205,75,R,R
Ryan Vilade,226,74,R,R
Carlos Villanueva,220,74,R,R
Christian Villanueva,210,71,R,R
David Villar,215,73,R,R
Jonathan Villar,233,72,B,R
Pedro Villarreal,235,73,R,R
Meibrys Viloria,225,71,L,R
Nick Vincent,185,70,R,R
Zach Vincej,190,72,R,R
Arodys Vizcaino,245,72,R,R
Dan Vogelbach,270,72,L,R
Ryan Vogelsong,215,76,R,R
Stephen Vogt,216,72,L,R
Luke Voit,255,75,R,R
Edinson Volquez,220,72,R,R
Chris Volstad,235,80,R,R
Jason Vosler,220,73,L,R
Austin Voth,215,74,R,R
Joey Votto,220,74,L,R
Michael Wacha,215,78,R,R
Tsuyoshi Wada,180,71,L,L
Brandon Waddell,180,75,L,L
Konner Wade,195,75,L,R
LaMonte Wade,205,73,L,L
Tyler Wade,188,73,L,R
Tyler Wagner,205,75,R,R
Jacob Waguespack,235,78,R,R
Bobby Wahl,216,75,R,R
Adam Wainwright,230,79,R,R
Cole Waites,180,75,R,R
Jordan Walden,250,77,R,R
Marcus Walden,198,70,R,R
Ken Waldichuk,220,76,L,L
Mitch Walding,190,75,L,R
Kyle Waldrop,215,74,L,L
Christian Walker,208,72,R,R
Jeremy Walker,235,77,R,R
Neil Walker,214,74,B,R
Steele Walker,209,71,L,L
Taijuan Walker,253,76,B,R
Brett Wallace,250,74,L,R
Chad Wallach,246,74,R,R
Matt Wallner,220,77,L,R
Taylor Walls,185,70,B,R
Colin Walsh,200,73,B,R
Jared Walsh,210,72,L,L
Jake Walsh,192,73,R,R
Nash Walters,210,77,R,R
Zach Walters,210,74,B,R
Donovan Walton,190,70,L,R
Chien-Ming Wang,225,76,R,R
Wei-Chung Wang,160,73,L,L
Andrew Wantz,235,76,R,R
Taylor Ward,200,73,R,R
Adam Warren,224,73,R,R
Art Warren,230,75,R,R
Austin Warren,170,72,R,R
David Washington,260,77,L,L
Drew Waters,185,74,B,R
Spenser Watkins,185,74,R,R
Tony Watson,224,75,L,L
Ryan Weathers,230,73,R,L
Earl Weaver,180,67,R,R
Jered Weaver,210,79,R,R
Luke Weaver,183,74,R,R
Jacob Webb,210,74,R,R
Logan Webb,220,73,R,R
Ryan Webb,245,78,R,R
Tyler Webb,240,77,L,L
Ryan Weber,175,73,R,R
Allen Webster,200,74,R,R
Jemile Weeks,170,69,B,R
Rickie Weeks,210,72,R,R
Jordan Weems,209,76,L,R
Patrick Weigel,240,78,R,R
Greg Weissert,215,74,R,R
Zack Weiss,210,75,R,R
Colton Welker,235,73,R,R
Alex Wells,195,73,L,L
Tyler Wells,255,80,R,R
J. B. Wendelken,242,73,R,R
Joey Wendle,195,73,L,R
Joey Wentz,220,77,L,L
Jayson Werth,235,77,R,R
Hayden Wesneski,210,75,R,R
Matt West,230,73,R,R
Robert Whalen,220,74,R,R
Jason Wheeler,255,78,L,L
Zack Wheeler,195,76,L,R
Aaron Whitefield,210,76,R,R
Eli White,195,75,R,R
Evan White,219,75,R,L
Mitch White,210,75,R,R
Tyler White,238,71,R,R
Chase Whitley,220,76,R,R
Garrett Whitlock,225,77,R,R
Kodi Whitley,220,75,R,R
Rowan Wick,234,75,L,R
Taylor Widener,203,72,L,R
Brad Wieck,257,80,L,L
Joe Wieland,205,74,R,R
Matt Wieters,235,77,B,R
Collin Wiles,222,76,R,R
Tom Wilhelmsen,220,78,R,R
Adam Wilk,180,74,L,L
Aaron Wilkerson,230,74,R,R
Stevie Wilkerson,195,74,B,R
Andy Wilkins,225,73,L,R
Austen Williams,220,75,R,R
Devin Williams,200,74,R,R
Jackson Williams,200,70,R,R
Jerome Williams,260,75,R,R
Justin Williams,235,73,L,R
Luke Williams,186,73,R,R
Mason Williams,195,73,L,R
Mac Williamson,237,76,R,R
Nick Williams,215,75,L,L
Taylor Williams,185,71,B,R
Trevor Williams,232,75,R,R
Alex Wilson,227,72,R,R
Bobby Wilson,230,72,R,R
Bryse Wilson,250,73,R,R
C. J. Wilson,210,73,L,L
Cody Wilson,200,74,R,R
Jacob Wilson,219,72,R,R
Josh Wilson,175,72,R,R
Justin Wilson,205,74,L,L
Marcus Wilson,198,74,R,R
Steven Wilson,221,75,R,R
Tyler Wilson,185,74,R,R
Alex Wimmers,215,74,L,R
Josh Winckowski,202,76,R,R
Josh Winder,210,77,R,R
Trey Wingenter,237,79,R,R
Jesse Winker,215,75,L,L
Dan Winkler,205,75,R,R
Patrick Wisdom,220,74,R,R
Matt Wisler,215,75,R,R
Chris Withrow,240,75,R,R
Bobby Witt Jr.,200,73,R,R
Nick Wittgren,216,74,R,R
Asher Wojciechowski,235,76,R,R
Randy Wolf,205,72,L,L
Tony Wolters,195,70,L,R
Connor Wong,181,73,R,R
Kean Wong,189,69,L,R
Kolten Wong,185,67,L,R
Alex Wood,215,76,R,L
Blake Wood,233,77,R,R
Jake Woodford,215,76,R,R
Hunter Wood,175,73,R,R
Brandon Woodruff,243,76,L,R
Simeon Woods Richardson,210,75,R,R
William Woods,190,75,R,R
Travis Wood,175,71,R,L
Rob Wooten,200,73,R,R
Brandon Workman,235,77,R,R
Vance Worley,240,74,R,R
Danny Worth,195,73,R,R
Matt Wotherspoon,215,74,R,R
David Wright,205,72,R,R
Daniel Wright,205,74,R,R
Kyle Wright,215,76,R,R
Mike Wright,240,78,R,R
Steven Wright,215,74,R,R
Wesley Wright,185,70,R,L
Austin Wynns,190,72,R,R
Jimmy Yacabonis,225,75,R,R
Miguel Yajure,215,73,R,R
Shun Yamaguchi,225,74,R,R
Jordan Yamamoto,201,71,R,R
Hyeon-jong Yang,200,72,L,L
Ryan Yarbrough,205,77,R,L
Eric Yardley,170,72,R,R
Mike Yastrzemski,178,70,L,L
Kirby Yates,205,70,L,R
Christian Yelich,195,75,L,R
Juan Yepez,200,73,R,R
Gabriel Ynoa,205,74,R,R
Huascar Ynoa,220,74,R,R
Michael Ynoa,210,79,R,R
Rafael Ynoa,190,72,B,R
Alex Young,220,75,L,L
Andrew Young,196,72,R,R
Chris Young,255,82,R,R
Chris Young,200,74,R,R
Danny Young,200,75,L,L
Delmon Young,240,75,R,R
Eric Young,195,70,B,R
Jared Young,185,74,L,R
Madison Younginer,209,75,R,R
Aneurys Zabala,259,75,R,R
Mark Zagunis,215,72,R,R
Mike Zagurski,240,72,L,L
Daniel Zamora,195,75,L,L
Rob Zastryzny,231,75,R,L
Seby Zavala,205,71,R,R
Angel Zerpa,220,72,L,L
T. J. Zeuch,245,79,R,R
Brad Ziegler,220,76,R,R
Bradley Zimmer,185,76,L,R
Bruce Zimmermann,215,73,L,L
Jordan Zimmermann,225,74,R,R
Kyle Zimmer,225,75,R,R
Ryan Zimmerman,215,75,R,R
Barry Zito,205,74,L,L
Ben Zobrist,210,75,B,R
Tyler Zuber,175,71,R,R
Mike Zunino,235,74,R,R
Tony Zych,190,75,R,R
